red_pot,red_score,red_hd,red_hr,blue_pot,blue_score,blue_hd,blue_hr,red_win_probability
1,3513513,2,3,4,3445505,4,3,0.5302614697771495
1,3457628,1,1,4,2868681,4,3,0.7658858190947979
2,2958202,1,1,3,2829433,2,3,0.5686284242456688
2,3063073,2,2,3,3722922,1,2,0.22427385742971173
2,3242632,1,1,3,2771685,1,1,0.7289375081315655
2,3282882,1,1,3,3372442,2,1,0.4583647012101947
2,3787132,1,2,3,3425654,1,1,0.6516153645907334
1,2835566,1,1,4,2853651,2,3,0.490148449272202
1,4110449,1,1,4,3089315,1,2,0.8663630289438564
1,3289023,2,2,4,2678255,1,1,0.7875603913651099
2,3070941,3,3,3,3438609,1,2,0.33023039612155813
2,3557238,1,1,3,2503882,1,1,0.9137210136239435
2,3186794,2,3,3,3803830,3,3,0.24587151632088444
2,3312016,1,2,3,2784598,1,2,0.7497775020968129
2,2780232,2,1,3,3204905,1,2,0.29041186244749095
1,3568975,3,2,4,3061390,1,3,0.7243880270528107
1,3694407,3,2,4,2911332,2,2,0.822604722155114
1,3907940,1,2,4,2965634,2,2,0.8581005602627909
4,1950763,1,1,3,3590390,1,1,0.008900430422362327
1,3480181,2,2,2,3215794,1,1,0.6205473641838811
4,2540239,1,2,3,2599166,1,3,0.46450822746947085
4,2404509,1,1,3,2589164,1,2,0.3868970844558577
4,1927258,1,1,2,2837427,2,3,0.06647843238022977
4,2436455,1,1,3,2733642,2,1,0.327410102707659
4,2413577,1,1,3,2080274,2,1,0.7181264096650507
1,3511849,1,1,2,2754136,2,1,0.8274401670238887
1,3845989,2,2,2,2749754,3,2,0.9037711733719986
4,2053957,2,2,3,2574771,2,1,0.19000446220230494
4,2373805,2,2,3,3002890,2,1,0.18057263910641597
4,2026466,1,1,3,3529198,3,2,0.015578474280632193
4,2221251,1,1,3,2541469,3,1,0.30043856193102947
4,2548805,1,1,3,2690068,1,2,0.4170133366685391
1,3332331,1,1,2,3561302,1,1,0.39814759551172707
1,3288357,2,1,2,3791264,1,1,0.2901945451278862
1,2356408,2,1,3,2044914,3,1,0.7091017780914516
2,2314528,1,1,3,3127468,1,1,0.12113724198682174
2,2661454,1,1,3,2748075,1,1,0.45049342578924034
2,2694196,1,1,3,2476009,1,1,0.628566006412255
2,1787098,1,2,3,1979501,2,1,0.345609121929788
2,2079130,2,1,3,2198165,2,1,0.414390092201119
2,2228434,2,1,2,1772939,1,1,0.8127952558918601
2,2748033,3,2,2,2510212,1,1,0.6374394026523954
3,2368946,2,2,4,1918928,1,1,0.7934332581445629
1,2312783,2,2,3,2567585,1,2,0.3423745621009998
1,2641426,1,1,3,2637722,1,2,0.5021746347730126
1,3170123,1,1,1,2578029,2,1,0.7890453190521273
1,3403718,2,1,2,2767552,2,1,0.7892248251695453
3,2761461,3,1,2,2902150,1,1,0.4234673066491629
1,3448383,2,2,1,2202439,1,1,0.9592108812282075
1,3244099,2,1,1,2623527,2,2,0.7952463659341182
2,2657544,1,2,1,2524580,1,2,0.5790192611988259
1,3132038,1,1,2,3599609,1,1,0.2944254359018217
1,3146758,1,2,2,2774538,1,1,0.6875864459058616
1,2690695,2,2,2,2728824,1,1,0.478204497475859
1,3395604,1,1,2,3769783,1,1,0.34234376670649014
1,3222263,1,1,2,2368187,1,1,0.884207193861019
2,2592561,2,2,1,2397954,2,3,0.6190981293149967
2,2791957,1,1,1,2992891,1,1,0.3935935985544048
1,2334813,1,1,1,2368549,2,1,0.4777797386747229
1,3349804,1,2,1,3301142,2,2,0.5226653126458486
1,2613902,1,1,2,2242069,1,1,0.7244342779215087
1,3513546,1,2,2,2792053,1,1,0.8140337776041655
1,3053967,1,1,2,3137486,1,1,0.4582644814733463
1,3384832,2,2,1,3092770,1,2,0.6370299215843789
2,3142341,1,1,2,2691228,1,1,0.726410006632014
2,2595939,1,1,2,1472113,1,1,0.9862206447794432
1,2511686,1,2,1,2096748,1,1,0.7584798525078668
1,2595219,2,3,1,1548900,2,2,0.9775141541427683
1,2662931,1,2,2,2890753,1,1,0.37490814264584915
1,2248584,2,1,2,1532734,2,1,0.9317228936652443
1,2838749,1,1,2,2021385,2,1,0.9064353478232893
1,2250043,1,1,2,2012609,1,1,0.6675636434811988
1,2670905,2,1,4,3510227,1,1,0.1442299332867385
2,3511378,2,1,3,3659174,1,1,0.4363791537948527
2,3900029,1,1,3,2725077,1,1,0.9181240758341839
1,2984198,2,1,4,2978188,1,1,0.5031241462692252
2,3341400,1,1,3,2795691,1,1,0.7557376274578808
1,3970837,2,2,4,2762876,1,1,0.920574472951009
1,2801649,2,1,4,2927728,1,1,0.4321148915056905
2,3689831,3,2,3,2711393,1,1,0.8843275529720469
2,3033091,2,1,3,2948726,1,1,0.543628552603643
2,3461017,1,1,3,3481889,2,2,0.490683219292086
1,3886889,1,1,2,3467484,1,1,0.6713116011601202
4,2452287,1,1,3,2383834,2,1,0.5437855562542879
4,2021644,1,1,3,2984898,2,1,0.06505931772046336
1,3308942,1,1,2,3246553,2,1,0.5294714375995794
1,3649458,1,2,2,2851621,2,1,0.8310404253623476
4,1973664,2,1,3,2906553,1,1,0.0663398415640335
1,3006728,1,1,2,3507371,1,2,0.27482757315779005
4,1855678,1,2,3,2909631,1,1,0.04030307033433789
1,3305525,2,1,2,3447259,1,1,0.43522395798361924
4,2444249,1,1,3,2697934,1,1,0.3506399017264996
1,2699912,1,1,2,3026567,1,1,0.32864632257967874
1,3538661,2,1,3,2914274,2,1,0.7746052641708776
4,3311082,1,1,3,2885305,2,1,0.7035669123890378
4,3065632,1,1,3,2902987,1,2,0.5838531785457777
4,2293789,1,1,3,2810284,1,2,0.21509186601911012
4,2555975,2,1,2,3608540,1,2,0.09017724820144768
4,2515593,1,2,2,3165209,1,1,0.18610990554746554
1,3107844,2,1,3,2530925,1,2,0.7874694116586228
2,2895356,1,3,3,2127990,1,1,0.8841852023693201
2,2875059,2,2,4,2455699,1,1,0.7298785239856276
3,2702612,1,1,3,3140023,1,2,0.2800383829333106
1,2788257,2,1,4,2531174,1,1,0.6464546852227161
1,2486261,1,1,2,1937138,1,2,0.8338425909416182
2,3535096,1,1,3,3195828,1,1,0.6524447322397418
2,2097403,1,3,3,2287951,2,2,0.36776140039119265
1,2917196,1,1,3,2154375,2,3,0.8805009557873202
1,3339188,1,1,3,2146477,1,2,0.9569723675518255
1,2860672,1,1,2,3311503,1,1,0.2848520118586546
1,3603030,2,3,2,2030007,2,2,0.9870833424977188
1,2445719,3,3,3,2002392,1,2,0.7813905221384982
1,2054785,1,3,1,2939288,1,1,0.08216495364070164
1,3125760,2,1,1,3057711,1,1,0.5340689943896233
2,3289707,1,1,2,2618472,2,2,0.812321797863752
2,3392490,1,2,3,2606838,1,2,0.8469154028888031
1,2682484,1,1,2,3658247,1,1,0.11407319921909898
1,2609269,1,2,1,2287015,1,1,0.6956997534917713
1,3148185,1,1,1,2030716,1,1,0.9557285886741553
2,2788741,1,1,2,1920694,1,1,0.926270386178008
2,3045474,1,1,2,2888213,1,1,0.5815864087657554
2,2120991,1,1,2,2662358,2,1,0.18859897030166062
1,2038398,1,2,2,2273656,1,1,0.33567713754735495
1,2510869,1,1,2,2350262,1,1,0.6013246105348123
1,2152950,1,2,2,2978260,1,1,0.10373752297760908
1,3227662,1,1,1,2129058,1,1,0.9469830193115243
3,2009287,1,1,1,2915758,2,1,0.07403064459457098
3,1728738,1,1,1,2867277,2,2,0.024679793818567552
1,2487862,1,1,2,2677575,1,1,0.3876430151788628
1,2256434,1,1,2,3337987,1,1,0.06411454892824231
1,2604919,2,1,1,2846291,1,1,0.36533650416187
2,2126548,1,1,2,2560120,1,1,0.23551779901795333
2,1478121,1,1,2,2234408,1,1,0.054234155443717236
2,2328788,1,2,2,2187303,1,1,0.5961827278612071
1,2130594,1,1,1,1496179,1,1,0.9151450753279953
2,2338732,1,2,1,2057400,1,1,0.6907111847700467
1,2201189,2,1,1,2580321,1,1,0.26851236916090815
1,2251007,2,2,1,2620679,1,1,0.27737113861184626
1,2493991,1,1,1,2087714,1,1,0.755132475952123
1,2700804,1,1,1,2764217,1,1,0.4640830658666334
2,3624549,1,1,3,3097567,1,1,0.7291729593427153
2,3761576,1,1,3,3346045,1,1,0.6753453468613333
2,3586702,1,1,3,3309649,1,1,0.6225873153844642
1,3918439,1,1,4,2688592,2,1,0.9282960403106667
1,3377928,1,1,4,3426861,1,1,0.4777233411474713
2,3011849,1,2,3,3124483,1,2,0.4432951235211041
2,2910842,2,1,3,3502342,2,1,0.23619315896805548
2,3574059,1,2,3,2778406,1,1,0.8360187524573747
2,2977687,1,1,3,3607955,1,1,0.22789039843444203
1,3490675,1,1,4,2741355,2,1,0.8260510837995538
1,3579176,1,1,4,2410843,2,3,0.9376087573657851
2,3420488,1,1,3,2750861,1,1,0.8013142831141038
2,2979570,1,1,3,3647846,2,1,0.21591320475878573
1,3265194,2,2,4,2402244,2,3,0.8834147418470137
1,2857345,4,3,4,2747270,1,1,0.5606452750228608
4,1790425,1,3,3,3013879,1,2,0.021537679914167773
4,1883024,2,3,3,2998323,3,3,0.03538158920030643
4,2051060,1,3,3,3045402,1,1,0.06233398757394093
4,3603927,2,3,2,2865867,1,1,0.813309451919086
4,1650507,2,1,3,2718552,2,2,0.02628367426186362
1,2821254,1,1,2,2518485,1,1,0.6703898476383943
1,4003427,1,1,2,2935577,1,1,0.8859312069207852
1,3548412,4,3,3,3006053,2,2,0.7403224445819706
1,3548695,2,3,2,3252658,1,2,0.6324591360045517
1,3296803,2,2,2,3123272,1,1,0.5831840298044841
1,2987752,1,1,2,3304334,3,2,0.34781445001237143
1,3291089,1,2,2,3743041,3,2,0.3085854383745641
1,2986685,1,1,3,2393058,1,2,0.8053221224176421
1,2906544,1,1,3,2987308,2,1,0.45760572737692773
4,3139245,1,1,3,2093470,2,2,0.9422404978648851
4,2903969,1,3,3,2288437,1,1,0.8226047466271058
1,3625274,1,1,2,2989031,1,2,0.7732653385088522
4,3111869,1,1,3,2668164,1,1,0.7249373320969966
1,3615893,1,1,2,2285819,1,1,0.9625856451253199
4,2891984,2,2,2,3692551,1,1,0.17123730522248715
4,3138915,1,2,3,2291830,2,3,0.889107529825955
4,2309339,1,2,3,2890829,2,3,0.19149485533391775
2,2685802,1,2,4,2598648,1,1,0.5509824729752254
2,3189924,1,1,4,2747460,2,1,0.7190570569708821
1,3482707,1,1,2,3564630,1,1,0.4640174846545976
1,3554895,2,2,2,3257794,1,1,0.6327047195297607
3,2846544,2,2,3,2599602,1,1,0.6377731048320594
2,2265559,1,1,3,3166399,1,2,0.09672413085872122
2,3185887,2,2,3,2364548,1,3,0.8765998174924314
2,2311217,1,1,3,2233848,1,2,0.5526120652971929
2,2974932,1,1,3,2257084,1,1,0.8582993408374384
1,2729197,1,2,2,2811953,1,1,0.453810911715792
1,3210800,1,1,2,2670321,1,1,0.7630063777909251
1,3036316,2,2,1,3173190,1,1,0.4320019876523298
3,2254546,1,1,3,2583817,1,1,0.29821575876622997
2,2527550,1,1,2,2440134,2,1,0.554376546882337
2,3045414,1,1,2,3742821,2,1,0.21156414218756459
2,2616564,1,3,2,2968608,4,3,0.3119425015045504
2,2827030,1,1,2,3267837,1,1,0.2867589215188704
2,2858630,1,1,2,2240771,1,1,0.8279196729923542
2,3230379,1,2,2,2818783,1,2,0.7017506947165183
2,2797183,1,1,2,2957871,1,1,0.41411227039072873
1,2582752,1,1,2,2570432,1,1,0.5074095559497387
1,2286162,1,1,2,3305341,1,1,0.07605759075343188
1,2469199,2,1,3,2067752,2,1,0.7546649444477025
1,2126146,1,1,2,2497276,1,1,0.26599066510104374
1,2577687,1,1,2,2639206,1,2,0.4635001157368852
1,3212220,1,1,2,2975209,1,1,0.6170504603129888
1,2681292,1,1,2,2244494,1,1,0.7551374943621296
2,3214220,1,2,2,2795470,1,1,0.7061677078147415
2,2206006,1,1,1,3237635,1,1,0.06806662439467714
2,3282584,1,1,2,2945471,1,1,0.6631001082446716
2,2801103,1,2,2,2584006,1,1,0.6230025569088983
2,1866173,1,1,2,2518955,1,1,0.12197127280429498
2,3418374,1,1,2,2777952,1,1,0.7898367184894793
1,2776214,2,2,1,2316518,1,2,0.759032392520411
1,2402430,2,1,1,3382992,1,1,0.09182430789640994
1,2404539,2,1,1,2069377,1,2,0.7200913196122569
1,3140444,3,1,2,2757772,1,1,0.6931374195137859
1,1758031,2,1,2,2806402,1,1,0.0346207865392727
1,2294116,2,1,1,2992349,1,1,0.15099641391332452
1,2857862,1,1,2,2614499,1,1,0.6352273293756558
1,1907574,1,1,2,2037260,1,1,0.3991682017831386
1,2314697,1,1,1,2328893,1,1,0.4905255520768488
1,3234570,1,1,1,2939807,1,1,0.6447472204178649
1,1282119,1,1,1,1636919,1,1,0.17130954303355472
1,2399697,1,1,1,2654230,1,1,0.34767314696039964
1,2908522,1,1,1,3365068,1,1,0.2855676898992334
1,2129449,1,3,1,2004664,1,1,0.5927309988480962
1,1793450,1,1,1,1936599,1,2,0.38273577141157733
1,2469532,1,1,2,2430343,1,1,0.5247736672056782
1,2489213,1,1,2,1338223,1,1,0.9920422515416761
1,2026986,2,1,1,2190533,3,3,0.38154646114292323
1,2046982,1,1,1,1436997,1,2,0.915340928882555
1,2227390,1,1,1,2468200,1,1,0.34502652123349153
1,2017389,1,2,1,2996744,1,1,0.062121600007565725
2,3496289,2,1,2,2386657,1,1,0.9309834889031282
2,2760248,1,1,2,2872633,1,1,0.4384001188507166
2,3095429,1,1,2,2137722,1,1,0.9247839098154294
1,2491246,1,1,1,3247294,1,1,0.15160863080247755
1,2920710,2,1,1,2911628,1,1,0.5048262502541582
1,3019813,2,1,1,2442291,2,1,0.7951805353472501
1,2602792,2,2,1,1641108,1,1,0.9634020563977956
1,3165874,2,1,2,1581561,2,1,0.9964905489847931
1,3047871,2,1,2,3043169,2,1,0.5023925990352427
1,3241847,2,1,1,3247126,1,1,0.497478527903635
1,3304067,1,1,1,3622585,1,1,0.36035501627666555
1,2659742,1,1,1,3007925,1,1,0.3163667012633635
2,2958349,1,1,1,3126849,1,1,0.4148124247677206
2,2587237,1,1,1,2635146,1,1,0.47158980204459466
1,2949338,1,1,2,4050750,2,1,0.10885283450434102
1,2653880,1,1,2,2389302,2,1,0.6583490379785121
1,2220812,1,1,3,2169893,1,1,0.5358970723657295
3,3060889,1,1,4,2457983,1,2,0.8029297387755503
3,1815275,1,1,4,1915864,1,1,0.41702868807001137
2,2461118,1,1,3,2022599,2,2,0.7770521825333307
2,3153598,2,1,2,2157867,1,1,0.9297447102721126
2,2582273,1,1,2,2097991,1,1,0.7901040458289237
2,2852121,1,1,2,2563373,1,1,0.6607948126877712
2,2606663,1,1,3,1822402,2,1,0.9177874784917932
2,2414936,1,1,3,2262910,1,1,0.5997029686206458
2,2142698,1,2,3,1904483,2,2,0.6764572997465286
2,2854002,1,1,3,2465248,2,2,0.7152590022225506
2,2230349,1,1,3,2891655,2,1,0.15655786561088925
2,2501504,1,1,3,2169185,2,2,0.7101102495312668
1,3491969,1,1,2,3277356,1,1,0.5973107828528271
1,4106238,1,1,2,2934206,1,1,0.9041359056032328
1,2758763,1,1,2,2243215,1,1,0.789187908084052
3,2524261,1,1,3,2061794,2,1,0.7841027328629862
3,2120183,1,1,3,2498230,1,1,0.2619393353248062
1,2486618,3,2,1,2442539,1,1,0.5276950812573541
1,2527217,1,1,1,2733425,1,1,0.3803005073418301
1,2288939,2,1,2,2480932,2,1,0.37718403729451677
1,2445448,1,1,2,2540234,1,1,0.44128135590884143
1,2485640,1,1,2,2374550,2,1,0.5704855503283573
1,3407596,1,1,2,3194750,1,1,0.5989177577755455
1,2200723,1,1,2,2720209,2,1,0.20518987495369878
1,3208815,1,1,3,2962138,1,1,0.6219959452686353
2,3031889,1,1,2,2245380,1,1,0.8783089261700543
2,2428770,1,1,2,2724750,1,1,0.3275488713033926
2,1790357,2,1,2,2096388,2,2,0.2699428391720169
2,2010944,2,1,2,1935927,2,2,0.5587034936417214
1,2461942,2,1,1,2124351,1,1,0.7166472191290553
1,2775027,2,1,1,2092140,1,1,0.8637408821225872
4,2311413,1,1,2,2164546,1,1,0.6006441372950755
4,2257910,1,1,3,2568711,1,1,0.30819610379638207
4,2801731,1,1,3,2148638,1,1,0.8487233772551115
4,2889462,2,1,3,2404780,1,1,0.7621545942103696
1,2874912,2,2,3,2729696,1,1,0.5797850098086971
1,3688906,2,2,3,2935696,3,1,0.8125077641316272
1,2767098,1,1,2,2547154,1,1,0.6261707508594545
1,3567714,2,1,2,2914122,1,1,0.7840852241356149
4,2002823,1,1,3,2156452,2,1,0.38702010394552067
4,2697623,1,1,3,2803091,3,2,0.4407849638292747
1,2424843,1,1,2,2203562,1,1,0.6449490999238703
1,2939320,1,1,2,3905250,1,1,0.13484623688604802
1,3247212,1,1,2,3447673,1,1,0.40799896791457557
4,1395639,2,1,3,2439852,1,1,0.015008960229980994
1,2886459,1,2,2,2625553,1,1,0.6435703198753528
1,2555421,1,1,2,2461912,1,1,0.557570007596361
1,3505068,1,1,2,2866016,3,1,0.7828663640645359
1,2831227,1,1,2,3325947,2,1,0.2657935302868377
1,2610423,1,1,2,2436159,1,1,0.6057975594870997
4,2441203,1,2,3,2810647,1,1,0.2920430513768687
4,1815863,1,1,3,1795687,1,1,0.5173097536064176
1,3124498,2,1,2,2495261,2,1,0.8088209715659935
1,3150797,1,1,2,3186965,2,1,0.4823179635151207
4,2252994,1,1,2,2340304,2,2,0.44129212976156507
4,2613643,1,1,2,2831912,2,1,0.37768415521517396
1,3559078,3,3,3,2652961,2,2,0.8731440393563186
1,3093533,1,1,4,2412360,1,1,0.8330081429072063
1,3066393,1,2,4,2090386,3,3,0.9316745798434125
1,2891339,1,2,4,3032179,1,2,0.4267100747279239
2,4037423,2,1,3,3289004,2,3,0.787105574760231
2,2746631,3,2,3,3097725,1,2,0.3201482376411937
2,3473710,2,1,3,2545054,3,1,0.886548177461546
1,2977314,2,3,4,1579873,1,1,0.9930831542311426
1,3830326,2,2,4,2710648,1,2,0.9103853911825057
1,3023097,4,3,4,2653241,1,1,0.6938994089468732
1,2258584,2,1,4,2458113,2,1,0.37113434432133985
1,3257029,2,2,4,2544662,1,1,0.8311642955109536
1,3266035,1,1,4,2114141,3,3,0.9544383620728064
1,3682403,1,1,4,1652911,2,2,0.9990697283666751
2,3457025,2,2,3,1695568,2,2,0.9971740380354776
2,2949882,1,1,3,2510240,1,2,0.7346427898831693
2,2039906,1,1,3,1818918,2,2,0.6719884094844086
2,2822813,1,1,3,2841351,2,1,0.4898570781392628
2,3147696,1,3,3,2471557,2,3,0.8262302159002417
2,3422487,1,2,3,2496629,2,1,0.8897669514148243
1,2916756,1,2,4,1895571,1,3,0.9529402224258543
1,3202182,1,2,4,2569886,1,2,0.803582941411247
2,2158927,1,2,3,2103422,2,3,0.5402947504382531
2,2466196,2,2,3,3215366,1,2,0.15140324470015187
2,2697702,2,3,3,2995686,1,1,0.3420053754090795
2,2523082,1,2,3,2322111,1,2,0.626438577840608
1,1730983,1,1,1,2198074,1,1,0.17670657910867327
1,1716492,1,1,1,2503196,1,1,0.07138047275463744
1,2240523,1,1,1,2795369,1,1,0.19503889572479127
1,1669374,1,2,1,1946029,1,1,0.27569917535448407
1,1853451,1,2,1,2113260,1,1,0.3051709608777008
1,1632030,1,1,1,1778318,1,1,0.3693923682632312
1,2050432,1,1,1,2953571,1,1,0.07813564647036297
1,2346744,1,1,1,2446261,1,1,0.43591559522898204
1,2230414,1,1,1,2296422,1,1,0.45489905888083304
1,2394715,1,1,1,2559592,2,1,0.3979535033697962
1,2469047,1,1,1,2294163,2,1,0.6123217941230625
1,2025167,1,2,1,1841609,1,2,0.6439664372597331
2,2231193,1,3,1,2343010,1,1,0.4246722990254316
1,1882551,1,1,1,1948788,1,1,0.44657185113193487
1,2235477,1,1,1,2193900,1,1,0.5290683042342177
1,2145680,1,1,1,2159233,1,1,0.4902431313168978
1,2264415,1,1,1,2670147,1,1,0.2610079953076706
1,2436670,1,1,1,2376303,1,1,0.5388153289959194
1,1929835,1,1,1,3111237,1,1,0.03178323923451165
1,1831163,1,1,2,2297236,1,1,0.18920124052298593
1,2764757,1,1,2,2094871,1,1,0.8594410461139179
1,2398616,1,2,3,2485993,1,1,0.44472886117485766
1,1722833,1,1,2,2365763,1,2,0.10899118151638465
1,2422633,1,1,2,2696327,3,1,0.33878357130215275
1,2900346,1,1,2,2570296,1,1,0.6805684704807508
1,2784837,3,2,2,2869431,3,2,0.45372998252364016
1,3295749,1,3,2,3054987,2,2,0.6158789141920397
1,2605755,1,1,1,2050785,1,2,0.8239050644414341
1,3329187,1,1,1,2739253,1,1,0.7756711236249676
1,3110702,1,1,1,2564763,1,1,0.773267363300661
1,3221990,1,1,1,2784940,1,2,0.7143923497715206
1,2494163,1,1,3,3123834,1,1,0.19093829394975104
1,2575165,2,1,3,3356763,1,1,0.15158632031967256
1,2750930,1,1,3,2975023,1,1,0.38048392557571964
2,2338852,4,1,3,2515920,2,1,0.3884012761380068
2,2959632,2,1,3,2483973,1,2,0.751936371235789
2,3150133,2,1,3,2134618,1,2,0.9346950786408675
3,2786396,1,2,4,2031095,2,1,0.8903130927516326
3,2023680,1,1,4,1849013,2,1,0.6370714675209028
3,2638467,1,1,4,2083910,2,1,0.8203157010856019
3,2539871,1,1,3,2070891,1,1,0.7861026277317474
3,2168963,1,1,3,2441740,1,1,0.32269673530906684
3,2508145,1,1,3,1629761,2,1,0.9530005472358996
2,1865125,1,2,2,1938015,1,1,0.4408087861968438
2,2273190,1,2,2,2484139,1,1,0.36515128132566343
2,2765958,1,1,3,1904394,1,1,0.9264436620910806
2,2735679,1,2,3,2004152,1,1,0.8866133713802449
1,2102231,1,1,1,2940155,1,1,0.09626607772614326
1,2640905,1,1,1,2739593,1,1,0.44333645961852786
1,2832161,1,1,1,2830045,1,1,0.5011582723125443
1,3419353,1,1,1,2715840,1,1,0.8145549495514538
1,3051903,1,1,1,2113029,1,1,0.9233725925926022
1,3081175,1,1,2,2671348,1,1,0.7103590398257453
1,2773558,1,1,1,2328113,1,1,0.7517731651613464
1,2552171,1,1,1,2418844,1,1,0.5825511679457995
1,2829012,1,1,1,3350239,1,1,0.2556244493148576
3,2888326,1,1,2,1824838,1,1,0.962766430457693
3,2391340,1,2,2,3079372,1,1,0.1629774493334235
2,2190884,1,1,3,2840135,1,1,0.15667385789475452
2,2589954,1,1,3,2225515,1,3,0.7221027456426606
1,3156381,1,1,2,2904142,3,1,0.626855798465582
1,2957787,1,1,2,3757301,3,1,0.17633660279560714
1,3848555,1,1,2,3421018,1,1,0.6763238531137639
1,2645321,1,1,2,1860146,1,1,0.9143278459479713
4,1850426,2,1,3,3152107,1,1,0.019267027721523777
4,2035973,3,1,3,1290247,1,2,0.9617945265810299
4,3160538,2,1,3,2743124,2,2,0.7089181978529869
1,2852874,1,1,2,2632291,2,2,0.6227073961732118
1,2985633,1,1,2,2457296,1,2,0.775330611265277
4,1798712,3,2,3,2500347,2,3,0.10037606480333117
4,2041329,1,2,3,2860730,1,1,0.09493851362484351
4,2598054,1,2,3,2895617,1,1,0.3367958917751043
1,2798809,1,1,2,2870461,3,1,0.46088817615060784
4,2821057,1,1,3,2926067,2,1,0.4435514576005112
4,1298534,1,2,3,1754325,2,1,0.12127005657233825
1,2194598,1,2,2,2515364,2,2,0.29808175112806834
1,2676520,1,1,2,1646009,2,1,0.9705225830918507
4,2609364,1,2,3,2591090,1,3,0.5108898393316696
4,2424089,1,1,3,2930681,1,1,0.2304982434474503
4,2131295,1,2,3,2896650,1,1,0.11665437283141133
4,2643909,1,1,3,2345955,1,2,0.6788410297981956
4,1611731,1,1,3,2354553,1,1,0.07045512136934606
1,3540202,1,1,3,3469720,1,1,0.5311328879518791
1,2223182,1,1,3,1972456,2,2,0.67897193715155
1,2654390,1,1,3,2981768,1,1,0.3257138631036851
1,3303353,2,1,3,2690139,1,1,0.7874702667693256
1,3107400,2,3,3,2651592,2,3,0.7311160642822663
2,3425120,2,1,3,3538877,1,1,0.4495019364876577
1,3562089,1,1,4,2605964,2,1,0.8876444913834656
1,3178466,1,2,4,2342888,1,1,0.881960585772047
1,3328979,1,1,4,2975123,1,1,0.6687801414578154
2,2350956,1,1,3,2669002,1,1,0.3110479029949459
2,2973737,1,1,3,1805824,1,1,0.9736655111685115
1,3985893,1,1,4,3196433,1,1,0.804394056940706
1,3671977,1,1,4,2868673,1,1,0.8312260007404542
2,2072346,1,1,3,1985700,1,1,0.5658855401014872
2,2491679,1,2,3,2204418,1,1,0.682902857521675
2,3016035,1,1,3,3182945,1,1,0.4171316481829529
1,3377033,1,1,4,1964792,1,1,0.9823071941927501
1,3188566,1,1,4,1907098,1,2,0.9770665735204503
1,2712956,1,1,4,1910027,1,3,0.913586066890955
1,2905191,1,1,4,2951713,1,1,0.4753960360432544
2,3057364,3,1,3,3126742,1,1,0.46527080672597454
2,2927141,3,1,3,2211559,2,2,0.8619123042745738
2,2685231,1,1,3,2611269,1,1,0.5431994059902597
2,3621786,1,1,3,3753449,1,1,0.4448399789378905
2,2787669,1,1,3,3545220,1,1,0.1751970000990677
2,2779853,1,1,3,2248693,2,1,0.7949493692999038
1,2420058,1,1,4,1795459,1,1,0.8769061970565946
2,3465188,2,2,3,3240994,1,1,0.6025007986984436
1,3982464,2,2,2,3266867,3,1,0.7791753118198181
4,3750299,2,1,1,4240669,4,3,0.31655457302099443
1,2979195,3,1,3,3351365,2,1,0.3237389446202634
1,3203598,2,1,3,3124663,2,1,0.5386019845799778
1,3808709,2,2,3,3675846,1,2,0.5548516478617422
2,3207801,1,3,2,3734286,3,3,0.27748151911217644
2,4049614,3,1,2,3451959,2,2,0.732464708135568
1,3793901,2,1,3,2705537,2,1,0.9054667977465682
1,3352523,4,1,2,3610733,3,3,0.3865874018354888
2,2474281,2,1,2,2859772,2,1,0.28690384409749425
2,2404436,2,2,1,2273939,2,1,0.5858042965613899
2,2485763,2,2,1,2273858,2,2,0.6353738924897372
1,3601398,2,1,1,2271967,2,1,0.963234563456904
1,2899407,2,1,1,2570843,3,3,0.679823238616475
1,1894314,1,1,1,1797122,1,1,0.5810578805911604
1,1828308,1,1,2,2784326,2,1,0.051139778702717464
2,3089166,1,1,1,2790025,1,1,0.653816228475181
1,3180594,2,1,1,2955728,2,1,0.6121117104213832
1,1906865,2,1,1,2104298,2,1,0.35096677377341057
2,3812938,3,2,1,3953614,4,2,0.4440385792677074
4,3267040,2,2,3,3545953,2,3,0.3751542129480365
4,2867995,2,2,3,3828135,1,2,0.13099040688979946
4,3564943,2,1,2,2856084,2,2,0.8054339944714085
2,3695743,2,2,1,3694929,3,3,0.5003413671232537
3,3132840,1,2,1,3651028,2,2,0.2760540373824476
3,3340460,2,2,1,3223025,3,3,0.5552832477917635
3,3551952,2,3,1,3967133,3,3,0.3338075886640681
3,3486834,1,2,1,3653527,1,2,0.4280251658047497
4,3720090,1,3,1,3610821,3,1,0.5460980492963848
3,3346790,2,3,2,3724327,2,3,0.33899826113687115
4,2458062,1,2,3,2596944,1,3,0.4154671685229343
3,3749237,3,1,1,3833603,2,3,0.4655575396823505
3,3463929,2,3,2,4134517,3,3,0.24590337509872318
3,2836165,2,3,2,3440344,3,2,0.22657314820090635
4,3882327,1,3,1,4183581,3,4,0.3857918902136399
3,3266548,1,3,2,4038552,2,2,0.20493634237218572
2,3304495,2,3,1,4330049,3,2,0.1468644848377102
4,2439339,3,3,1,3528111,2,3,0.07585200717657858
4,2762327,2,1,1,4247793,2,2,0.0472991271735671
4,3111381,2,1,3,3440484,4,2,0.34805593112299604
3,3184296,3,1,2,2963818,1,2,0.6097732691669658
4,3543628,2,1,1,3734006,2,3,0.41945769243729847
2,3777353,2,2,1,4147953,2,1,0.3580928840282094
2,3637473,1,2,1,3937140,2,2,0.37922298212761174
2,3224192,2,3,1,3953099,2,1,0.2142561537387916
4,2659984,3,1,3,4090382,2,2,0.047302138362385504
4,3038688,2,2,1,3750324,2,1,0.20685738715977953
2,3894667,1,3,1,3545214,3,2,0.6425135753974155
4,3268918,2,1,2,3502303,1,4,0.39439372448803267
4,3678123,2,3,3,3738417,1,2,0.474818888083565
3,3795596,3,2,2,4176770,1,4,0.3550434732251536
4,3112628,1,3,2,3730898,2,3,0.24077565811225843
4,3203927,2,3,2,3938492,2,2,0.2113192020757979
2,3934210,2,2,1,3563245,3,3,0.6497776568814125
4,2810513,1,3,1,4180558,4,4,0.06147972037960037
4,3467549,1,2,1,3865044,1,2,0.3366689044890522
4,4015823,1,4,2,3800583,3,3,0.5847232265733977
4,3302955,2,4,3,3451033,2,3,0.43236298536917084
3,3172980,4,2,2,2742695,2,1,0.7143360347074127
3,4139841,1,2,1,3867795,1,2,0.6041270136093759
4,3095842,1,3,2,4005351,4,3,0.15852227731043467
4,3541770,1,2,3,3140345,2,4,0.6798531994641908
2,2462288,1,1,3,2485165,2,1,0.4856712485082162
2,3499204,1,1,3,2847065,2,1,0.7884854662747585
2,3574831,1,1,3,3540133,1,1,0.5151116730428958
2,2897225,1,1,3,2971914,1,1,0.46061962703767034
2,3516381,1,1,3,3511015,2,1,0.5023666555037577
1,2330404,1,1,4,3288151,1,1,0.09054784995789411
1,2372709,3,1,4,3334056,2,1,0.09319079514508488
1,1728531,1,1,2,2987776,3,1,0.016757831245113097
4,2525113,1,2,3,2385355,2,3,0.5875231547710824
1,3200878,2,1,2,3215769,2,3,0.49280759335298363
1,2447902,2,1,2,3583182,1,1,0.06942427778023252
1,1690215,3,1,2,2989440,2,1,0.013376917675317235
1,2565013,1,1,3,3328329,1,1,0.15578027610584633
2,2709161,1,1,3,2333659,2,1,0.7189016031643295
2,2472694,2,2,3,1559769,1,1,0.9632640495314998
2,2563863,1,1,2,2046605,1,1,0.8092993986501342
2,2108137,1,2,2,2788676,2,1,0.13857323173739522
2,2079136,1,2,2,2516760,2,1,0.22903538728453487
3,1761393,1,1,3,2684713,1,1,0.050792390277430544
2,1688135,1,1,2,1871252,1,2,0.3445618896969904
2,1872628,1,1,1,2699335,1,1,0.07774032628818939
1,2370103,3,1,1,3381312,1,1,0.08374711562907255
1,2854871,1,1,1,3111996,1,1,0.3688144701576107
2,3695369,1,1,3,3293747,2,1,0.6725392992255732
2,3189410,1,1,3,3232623,2,1,0.47915355895676703
2,2655913,1,1,3,2937166,3,2,0.34789624932543384
1,3176966,2,1,4,3666886,1,2,0.28872688141414127
1,3122032,1,1,4,3229547,1,2,0.44768099602876843
1,3256557,1,1,4,3645314,1,2,0.33066813804901807
2,3321534,3,2,3,3155945,2,1,0.5787322197656668
2,2767463,3,3,3,2700789,4,2,0.5377364972968173
2,2962577,2,2,3,3345685,3,3,0.31831770302138396
2,3859560,1,1,3,3785159,1,1,0.5301368973628957
2,3692351,2,2,3,3293829,2,1,0.6713577092082713
1,2909981,1,1,4,3788090,1,1,0.15281923828617872
1,2939977,2,1,4,3678589,1,1,0.19197661723284787
1,2505773,1,1,4,3310103,1,1,0.13976179808774258
1,2771429,2,1,4,3424477,1,3,0.20556232167636757
2,3767806,3,1,3,2222747,1,2,0.9798211943339834
1,3249666,3,2,4,3379145,2,1,0.43968359226730636
1,3093526,2,3,4,3046145,2,1,0.5239050068182574
1,2957310,2,2,4,2365526,1,1,0.8071226738946304
2,2669113,2,2,3,2722279,1,2,0.469464593536454
2,3160028,4,1,3,4034635,2,3,0.1712766377819881
1,2727829,4,3,4,2607835,2,1,0.5693616933343224
1,2620049,2,2,4,3815396,1,3,0.07214292637489805
2,2842023,1,1,3,3037168,2,1,0.3982147032647957
1,1920261,2,1,4,2776358,2,1,0.07604999545058677
2,2738464,1,3,3,3650564,2,1,0.1320507955076442
2,3398507,1,2,3,3772483,1,1,0.3425415775640501
1,2658044,2,1,2,3806338,1,1,0.0815298812767995
1,2683986,4,1,3,3025481,1,1,0.32087917133822064
1,2788989,3,2,3,3152125,1,1,0.3172294325372982
1,3262793,1,1,2,3493355,1,1,0.395414775998954
3,2221689,2,1,4,2986321,1,2,0.12528787803891028
3,2311104,2,1,4,3596173,1,2,0.0429406524514252
1,3642772,1,1,2,3868343,1,1,0.40772961737479063
1,2636334,2,1,3,2880926,1,1,0.36517980866267585
1,3404531,2,1,3,2883742,1,2,0.7405064797353056
4,3468627,1,1,3,3335749,1,1,0.5603027723964245
4,3068554,1,1,3,2747838,2,1,0.6659742734971557
4,3301253,1,1,3,2862846,1,1,0.7100374285264884
1,3053748,1,1,2,3679255,1,1,0.23457885803546807
1,2670424,2,1,2,3154730,1,1,0.25867949821421143
1,2603666,1,1,2,2545520,1,1,0.5349561926735492
4,2619708,1,2,3,1750108,1,1,0.9414394251163126
4,2383606,1,1,3,2678420,1,1,0.3252786942804142
1,3008716,1,1,2,2342488,1,1,0.8345501274638372
1,3469133,2,2,2,3477970,1,1,0.4960574650743458
1,3833389,1,2,2,3642938,1,2,0.5784587339306477
4,3943023,1,1,2,2232477,1,1,0.986436109497081
4,2567739,2,1,3,2092777,1,1,0.786554451254445
4,2423118,1,3,3,2389479,1,3,0.5216540184704603
4,2923555,1,1,3,2795540,1,1,0.5690402033070119
4,2456873,1,1,3,2454859,1,1,0.501270882387234
4,2693282,1,1,3,3038448,1,1,0.31974064203211827
1,2781009,1,1,2,2944353,1,1,0.41226902196772364
1,2888984,1,1,2,3574643,2,2,0.20404588567392135
4,2436670,2,1,2,2354428,2,1,0.5530513539838959
4,2284189,2,1,2,2788856,3,1,0.2190409027153425
2,2160182,1,1,4,2061902,1,1,0.5717686894410865
1,3100727,1,1,1,2672048,1,1,0.7183639601774712
1,2564337,1,1,1,2681391,1,1,0.43117248275647824
1,2321909,1,1,1,3475023,1,1,0.058639594522339133
2,2288953,1,2,3,3028287,2,1,0.1384528108258054
2,1919358,2,1,3,2999422,2,1,0.041443328954563596
2,2727883,1,1,3,2222054,1,1,0.7871868472643415
3,2036873,1,2,4,2464413,2,1,0.22960307595804574
3,1458042,1,1,4,2791996,1,1,0.005807198363242838
2,2394337,1,1,2,2967248,1,1,0.2023242884238463
2,3182871,1,1,3,2880956,1,1,0.6506738162710923
3,2295254,3,1,3,2322117,1,1,0.4819740546518442
2,3152429,1,1,3,2111938,2,1,0.940148961258739
2,2050630,1,1,2,2634352,2,1,0.16526604482275853
1,2928491,1,1,1,1959993,1,1,0.940599818365609
2,2558308,1,1,3,3046809,1,1,0.2486256839720491
1,2456863,1,1,1,1959627,1,1,0.8101417792657084
1,1851356,1,1,3,1979471,1,1,0.39746252609238897
1,2079852,1,1,1,2480714,1,1,0.24678193517164315
2,2682072,1,1,1,2310412,1,1,0.7188520732615747
2,1354292,2,1,1,2030282,2,1,0.05787792298278338
2,1947920,1,1,1,3059523,2,1,0.039726889378337016
1,3053619,1,1,1,2357535,1,1,0.8425458969824668
1,3223744,1,3,1,3088453,1,2,0.5661351309140139
1,2809866,2,1,1,2657999,1,1,0.5854431098233189
1,3726892,3,2,1,3023870,1,1,0.791608852635253
1,3317290,1,1,2,2060817,1,1,0.9677873584186028
1,2704012,2,2,2,3136400,3,2,0.28222949194903657
1,3503569,1,1,2,2755864,2,1,0.8244587831919219
1,1862676,1,1,1,1811767,1,1,0.5428621546278424
1,2571654,1,1,1,2593424,1,1,0.4869386588015109
1,1990103,2,1,1,1516698,1,3,0.8543427334819449
1,2367460,1,1,1,1824480,1,1,0.8442344028180386
1,1905321,1,1,1,2393613,1,1,0.18773482639907235
1,2051227,1,1,1,1715159,1,1,0.7564950645093542
1,2272515,1,2,1,2193971,2,1,0.5543404757084911
1,3319115,2,1,4,3449740,2,1,0.4404034284836075
2,3576116,3,1,3,4077572,2,1,0.30511387423534253
2,3968848,2,1,3,3237759,1,2,0.7854911580198736
1,3011166,2,1,4,2855145,1,2,0.5818688387406177
2,3739423,2,1,3,3128096,3,2,0.7559768063468644
1,3397362,2,1,4,3090682,1,3,0.6433798852178771
2,3676716,2,1,3,3281441,2,2,0.6706898172724458
2,3095973,2,1,3,3053028,2,2,0.5216363153632246
2,3406554,1,2,3,3689168,2,2,0.37843335553597235
1,3590876,3,2,4,3679355,3,1,0.46233413506961185
2,3286357,3,3,3,2300207,2,1,0.9171163796518012
2,3146716,2,2,3,3503978,2,1,0.33806746594369796
2,2607787,2,1,3,3035281,2,1,0.277701506405889
2,3207744,2,1,3,3883246,2,1,0.22893704727671027
4,2115273,2,1,2,2875818,2,1,0.11640461262558455
4,2279213,1,3,3,2722030,1,2,0.24519339407955054
4,2953601,1,2,3,2912207,2,1,0.5218615271681892
4,2680723,2,1,3,3759865,2,1,0.09440102435246334
4,1899592,2,1,3,2948855,1,3,0.04378655238305085
4,2349888,1,3,3,3385742,2,3,0.07799903776055128
4,2829138,2,1,3,3143628,1,2,0.3411035153583153
4,3126519,2,1,3,2438827,1,3,0.8327113632534053
4,2827134,2,2,3,2428628,1,2,0.7224742262852051
4,2083054,1,2,3,2370578,2,1,0.3077395380758291
1,2770851,2,1,3,2837930,2,1,0.4629834900252231
1,2548854,2,1,2,2900695,2,1,0.30772888848503943
1,2759647,1,2,2,2541581,2,1,0.6254258895726788
1,3214734,3,1,2,2686420,1,3,0.7572281635763645
1,3382350,2,1,2,3480313,2,1,0.4558439184948032
1,2415467,2,1,2,3187682,1,2,0.14061046327403204
1,4199295,2,3,2,2794293,2,2,0.9432122780233991
1,2943846,2,1,2,2917036,2,1,0.5141751191767656
1,3680904,1,2,2,2652456,1,2,0.8984663403434563
2,1754298,2,2,2,2170446,2,1,0.20415214521359748
2,2853899,1,2,4,1803268,1,3,0.9627347412735456
1,2098346,2,1,3,2076224,2,1,0.5164200810588588
2,1622388,2,1,3,2501635,2,1,0.04626616324795352
2,1903411,2,1,3,2475557,1,2,0.15364371861951276
2,1643135,1,2,3,2491368,1,3,0.05295507735001026
2,2582438,1,2,2,2118342,2,1,0.7792109333827262
2,2692629,2,1,2,2103378,2,1,0.8313167459195596
3,2563964,2,1,1,2195066,2,1,0.7268906398528631
3,1902540,2,2,2,2059125,2,1,0.37933246074487514
1,2123294,1,2,1,1899116,1,2,0.6676521102213709
1,2405144,1,2,1,2175481,1,2,0.6516776816302987
1,2522231,2,1,2,3250996,2,2,0.16207435730133946
1,2877324,2,1,2,3036110,1,2,0.41735517176612014
1,2080493,2,1,2,2340097,2,1,0.3239163792545807
1,2553988,1,2,2,2595186,2,1,0.4752172505701251
1,2419313,2,1,2,2872643,1,2,0.2523324373869146
1,2385114,1,2,1,2180168,1,2,0.6364582452865374
1,3245511,2,2,1,1980402,1,2,0.9724992775788841
1,3212867,2,1,1,2434025,1,2,0.8595768088647096
1,2677113,2,1,2,2524626,2,1,0.5901044777019728
1,2756821,2,2,2,2726476,1,2,0.5171473607011896
1,2513018,1,2,3,2655747,1,3,0.415043961773925
1,2158152,1,2,3,2743558,2,1,0.17558921900853486
1,2829698,1,2,3,2270945,2,1,0.8035862065056275
1,2150229,1,2,2,2183484,1,2,0.4762299886091834
1,2076866,1,2,2,1831381,2,1,0.6874506182226825
1,2412837,2,1,2,2193834,2,1,0.6441691135412179
1,2645988,2,2,2,2772090,2,1,0.42824137549956975
2,3156523,1,2,1,2785998,1,2,0.6861776741359722
1,3036328,1,2,2,1900657,2,1,0.9655989193000921
1,3179126,2,1,2,3261245,1,2,0.46054267309172214
2,2115749,1,2,1,2775226,1,3,0.14594830150657967
2,2179509,1,2,1,2950336,2,1,0.11973379630885028
2,2763003,1,2,1,2713062,2,2,0.5282435105169441
1,2182062,2,1,2,2460979,1,2,0.3201537459474144
1,2007356,1,2,2,2083664,1,2,0.44238283921740884
1,3173320,1,2,1,2956742,2,1,0.6081884451232241
1,3179407,1,2,2,2328212,1,2,0.8869380973166808
2,2180204,2,2,2,1988642,1,2,0.6395471854923815
2,2552353,2,3,2,2607643,2,1,0.4668263167883371
2,2026764,2,2,2,2796613,1,2,0.10552114062503404
2,2449928,2,1,1,1829728,2,1,0.8715749729187268
1,1868968,2,1,2,1806803,2,1,0.5522723193101343
1,2613291,2,1,2,2439706,1,2,0.6052640043216346
1,2915989,1,2,4,2813314,3,2,0.5553718532154421
1,3229823,1,1,4,2463645,2,2,0.8535728148956039
2,2702045,1,2,3,2841445,1,1,0.4225367886633802
2,3332945,1,1,3,2570089,1,1,0.843670160101214
1,2582967,1,1,4,2869099,3,1,0.341596979245975
2,2460725,2,1,3,2249458,2,1,0.636344124309882
2,2798892,1,1,3,2482847,1,1,0.6791912737915052
2,2876527,1,1,3,2904083,2,2,0.4852283914239479
2,3290981,1,1,3,3556204,2,2,0.3816752240040906
2,2505812,1,2,3,3010060,1,1,0.23816363145178232
1,3172308,2,2,4,2039553,1,2,0.9569115916095549
2,3531477,2,1,3,2634125,1,1,0.8726100305769323
2,2572100,2,1,3,3538934,3,1,0.1075667904838713
2,3458247,1,1,3,2334621,1,1,0.9365310458774138
2,2418795,2,1,3,2541377,3,2,0.42385579875976875
2,2902334,1,1,3,3177866,2,1,0.3623035153652635
2,3337095,2,2,3,2999467,3,3,0.6606911426634136
2,2627905,1,1,3,3861178,1,1,0.0674938072750263
2,2602310,1,1,3,2890203,1,1,0.34178532322474553
1,3047800,1,1,4,2462489,1,2,0.796269813191643
1,2248296,1,1,2,2123232,1,1,0.5879696491703292
1,2942097,1,1,2,2668346,1,1,0.6477972591074393
4,1309740,2,1,3,2396589,1,1,0.009459655700175484
4,3018580,2,2,3,2627700,2,2,0.7049532749388205
4,1537135,3,1,3,2285693,1,3,0.061634918062501654
4,2500267,2,1,3,2645230,1,1,0.41335018673633694
1,2890791,1,1,2,2626351,1,2,0.6453006225347958
1,3185910,1,1,2,2664712,1,1,0.756141486058418
4,1848295,2,1,3,3073967,1,2,0.024072095953837858
1,2002103,1,1,2,2182399,1,1,0.3688306754910913
1,3136649,1,1,2,2914826,2,1,0.6121443244017983
1,3324697,1,2,2,3086740,2,1,0.6135098552784339
1,3261946,1,1,2,2007745,1,1,0.970299920895603
1,2815389,1,1,2,2542104,1,1,0.6541855380691836
1,2619050,1,1,2,3129848,2,1,0.24443039902356056
4,2772612,1,1,3,3403069,1,1,0.21304567973156985
4,2057146,2,1,3,2976158,2,1,0.07569787041759968
4,1748530,2,1,3,3196756,4,1,0.009544482349420513
1,2713956,2,1,3,2961821,1,1,0.3671172496167765
1,3273789,2,1,3,3211038,1,1,0.5299645746420278
4,2630574,1,1,3,2504594,1,1,0.5755946740818016
4,2371731,1,1,3,2492535,1,1,0.4234851912073948
4,2453368,1,1,2,2271831,1,1,0.6173879293861936
4,1447451,1,1,2,2840477,1,1,0.004411440901120334
1,2441258,1,1,2,1788284,1,1,0.8866867603557964
2,2312204,1,1,2,1807340,1,1,0.8307013990731932
2,1612857,1,1,3,2740824,1,1,0.019709279389847456
2,2038731,1,1,3,2125013,1,1,0.4360403225833692
2,2165906,1,1,3,2289686,1,1,0.41453761772830655
2,1850440,1,1,3,2330200,1,1,0.1852575671709873
2,2035310,1,1,3,2191549,2,1,0.38694000119869243
2,2158338,1,1,3,1787162,1,1,0.7682368505817088
1,2653614,1,1,1,2773008,1,1,0.4321276531684741
2,2886773,1,1,3,1931535,2,2,0.9407272861166407
2,1872846,1,1,2,2204455,1,1,0.26328050438313233
1,2804396,1,1,1,3288046,1,1,0.2682701623851318
2,3316055,1,1,1,2278500,2,1,0.9275400310557682
2,2144809,1,1,1,1638414,1,1,0.8522645387430978
2,2379866,1,1,1,2372373,2,1,0.5048868411724983
2,2947446,1,1,3,3053148,1,1,0.4455671719640778
2,2005984,1,1,3,2521537,1,1,0.1871280344307673
2,2026890,2,2,3,2117008,1,1,0.4329051362911426
3,3577309,2,1,3,3001739,1,1,0.7521986503751088
3,2332055,1,1,3,1912921,1,1,0.7792319705651142
3,2310252,1,1,1,1308656,1,1,0.9863712260002231
3,1582928,1,1,1,2533055,1,1,0.03390085520524766
1,2691624,1,1,1,2535030,1,1,0.592056128489731
1,2165544,1,1,2,3289439,1,1,0.052196418233074526
1,3016502,1,1,2,1992023,1,1,0.9465065027784056
1,1920150,1,1,2,2707018,1,1,0.09108091237153682
1,1668279,1,1,2,2298262,1,1,0.10666547150604877
1,1648189,1,1,2,2036712,1,1,0.20548058431597194
1,2689138,1,1,1,2661904,1,1,0.5157704807582029
1,2384543,1,1,1,3200661,2,1,0.1264325338783443
3,2233750,1,1,3,2058799,1,1,0.624310023946667
3,1717799,1,1,3,1552381,1,1,0.6529608008545141
3,2039658,1,1,2,1703418,1,1,0.7579689943377103
3,1873789,1,1,2,2049254,2,1,0.36402559421068725
1,1612689,1,1,1,1856288,1,1,0.2923738974128238
1,1909786,1,2,1,2351734,1,1,0.2093681507250087
1,2391696,2,1,3,2005463,1,1,0.753068595757678
1,1465380,1,1,3,1161347,1,1,0.8168143136408932
1,1955586,2,1,1,1830204,1,1,0.6015650435645432
1,2348424,1,1,1,1554745,1,1,0.9454352525631314
1,2365727,2,2,1,1929806,1,1,0.7855721302994058
1,3086429,2,1,1,2308276,1,1,0.8704491339927134
1,1621953,2,1,1,1436448,1,1,0.6814682836491726
1,1326703,1,1,1,1230313,1,1,0.6152409752488304
1,1752191,1,1,1,2547247,2,1,0.07305759555050495
1,1551319,1,1,1,1714657,1,1,0.3486850035634236
1,3654238,1,1,4,1859048,1,1,0.9956710041812388
2,2948453,1,1,3,3002427,1,1,0.4719109349256262
2,3223017,1,1,3,2282986,2,2,0.9098000951266942
2,3458151,1,1,3,2809506,2,1,0.7901438732129749
2,1762271,1,2,3,2357960,1,1,0.12899449467846935
2,2505131,1,1,3,2596032,1,1,0.44493940908268403
1,3228622,2,1,4,2271456,3,1,0.91402155566779
2,3417903,2,1,3,3188793,3,1,0.6062385918232824
4,2293153,1,1,2,3012935,1,1,0.14447389776803699
4,1372922,1,1,2,2388767,1,2,0.01572207886420518
4,3109840,3,1,3,3005399,2,1,0.552784690177071
4,2492210,2,2,3,2295318,1,1,0.6253994235348987
4,2647521,2,1,3,3863689,2,1,0.07100370671081124
4,2061150,1,2,3,2118077,1,1,0.4578574951385319
4,3332075,1,1,3,2765782,2,1,0.7653391104043767
4,2551090,2,1,2,2709869,1,1,0.4072798860532072
4,2266229,2,1,3,3283565,1,1,0.07487128683147948
4,2518437,2,1,2,3506617,1,1,0.09924961008981281
4,1906713,1,1,2,3080493,1,2,0.031199135852066018
1,4000150,1,1,3,3662926,1,1,0.6338663459569333
1,2959484,1,1,2,2381158,1,1,0.8008359418988356
1,2021765,2,1,2,2012686,2,2,0.5069745059116181
1,3094772,3,1,3,2321442,1,2,0.8679834218176072
1,3146109,2,1,2,3448273,1,1,0.360830000218231
1,2756221,3,1,2,2574810,1,3,0.6042946099231522
1,3296764,1,1,3,3103578,3,1,0.5927294108176172
1,3189347,2,1,3,1838725,1,1,0.9837981230756855
2,2809921,1,1,2,2932895,1,1,0.4339252067812578
2,2043725,1,2,3,2248974,1,1,0.3550388224503578
2,1851459,1,2,2,2895215,1,1,0.04121763718436722
2,2350624,1,1,2,2270878,1,1,0.5533274221425226
1,2699089,3,2,3,2334195,1,1,0.7136980517221458
1,2724951,3,2,3,1993210,1,2,0.8877627585481936
2,2241441,1,1,3,2293538,2,2,0.4644400210240772
3,2500018,2,1,4,2877401,1,2,0.2924890963463018
3,2870286,2,1,4,3044121,1,1,0.40966228454005793
3,2270198,1,1,2,2252455,2,1,0.5121576613264653
2,2847313,1,1,1,2424186,1,1,0.733997043283812
2,2599473,1,1,1,3211726,1,1,0.20565733299588018
2,2086424,1,1,1,2339631,3,1,0.32818040604329035
2,2582110,1,1,1,2681570,3,1,0.4416374956333532
3,2583772,1,1,3,2953322,1,1,0.3017798335597621
3,2757073,1,1,1,2597373,1,2,0.5916485480285778
1,2076559,1,1,3,2246017,1,1,0.38028641727744306
1,2887274,2,2,1,2768640,1,1,0.5647339384498211
1,2628285,1,1,2,1833376,1,1,0.9191099301136636
1,1976416,1,1,1,2083875,1,1,0.41852669292407163
1,2468968,2,1,1,2656603,1,1,0.38799990208212165
1,2861342,1,1,1,3162008,1,1,0.34895948371696406
1,2978799,1,1,1,3003650,1,1,0.4871271933698347
1,2824967,2,1,3,2764909,1,2,0.533263085970328
3,2316774,1,1,1,2341132,1,1,0.48379620768198917
1,1894106,2,1,3,1248410,1,1,0.9473170577009127
3,1553676,1,2,1,2407880,2,1,0.044385890788171456
1,3203419,4,1,4,2860766,1,3,0.6698346917349198
2,3312230,1,1,3,1965611,1,1,0.9786704552928088
1,2594496,2,2,4,3013668,1,1,0.2803598422190281
2,2420889,1,1,3,2619763,3,1,0.3795427954755104
2,2847201,2,3,3,2244725,2,1,0.8221438287463116
1,3046615,1,1,4,2824768,2,1,0.6155031173135601
2,2767118,1,2,3,2825187,1,2,0.4678501109696771
2,2359856,2,1,3,2247899,1,1,0.5748780373950405
1,2378915,1,1,4,1700547,1,1,0.9038872467385402
2,3090902,3,1,3,3132360,1,1,0.47936121663202247
1,3622545,2,1,4,2933530,1,1,0.7937567457642152
4,2391266,1,2,3,2120057,1,1,0.6799727113215197
4,1946937,1,1,3,1819530,3,1,0.6036874471950815
4,2126036,3,1,2,2871410,1,1,0.12150840017763431
1,2890091,1,1,2,2300938,2,1,0.8120743413815543
1,3298361,1,1,2,2157222,1,1,0.9504670265053805
4,2791409,1,1,3,2571129,2,1,0.6252564536850067
4,1758285,1,1,2,1833768,1,1,0.4351477225927136
4,2344200,2,1,2,3027111,2,1,0.16032021337197178
1,3496430,2,1,2,2663483,1,2,0.8547481954074032
1,2365016,1,1,2,2646905,1,1,0.33090154757369417
1,2927742,1,1,3,2680961,1,1,0.6338467399373262
4,2220419,1,2,3,2695063,1,1,0.22586383042427982
1,3181728,1,1,3,2689700,2,1,0.7429880280398127
1,3459446,2,1,3,2855527,2,1,0.7719426326614388
2,3459408,1,1,2,2108498,2,2,0.9727804957952221
2,2430749,1,2,3,2507633,1,1,0.45185961559987575
2,2448615,1,1,3,3353334,1,1,0.11096158761718633
1,3613926,2,1,2,1845129,1,2,0.995491043220057
1,3689341,3,1,2,2642684,1,1,0.9025281707297262
3,3107325,2,1,1,2884658,1,1,0.6136478810185464
3,1694774,2,3,3,1713517,2,2,0.4829605343057132
3,2721143,1,1,3,3435549,1,1,0.18257759702645637
2,3535667,1,1,4,2537129,2,1,0.9013292099367017
3,2240466,1,2,4,2510501,1,2,0.32922423785861954
3,1908503,1,2,4,1568212,1,3,0.7772267412546121
2,3753498,1,1,2,3734180,1,1,0.5079959147057101
2,2853202,1,2,2,1959607,1,1,0.927775095415016
1,2932464,1,1,1,3543425,2,1,0.23112260441411037
3,2497152,2,2,2,2371760,2,2,0.5793092744736394
3,3319181,1,1,2,3314530,2,1,0.5021730463160523
4,2559804,1,2,2,3045924,2,1,0.24970400638831391
1,3575268,3,1,1,3659321,1,1,0.464037431661105
2,3223000,1,1,1,3391327,2,1,0.42161737443329217
2,3023882,1,2,1,2196026,1,2,0.8929993983060234
3,2682574,1,1,1,2194315,1,2,0.782432154291304
1,2803813,1,1,1,2132372,1,1,0.8561948328547996
1,2742642,1,1,1,3060797,2,1,0.3349285920556109
1,2356238,1,1,3,3095557,1,1,0.144549321510278
1,2358138,1,1,3,2996580,1,2,0.17599492536933048
1,2103633,1,1,2,2527542,2,1,0.23788201403654774
3,1761090,1,1,2,2597707,1,2,0.06553300182659261
1,2152143,3,2,1,3322060,3,1,0.04586260859078417
1,2463066,2,1,1,2884400,1,1,0.2698026555122113
1,2942562,2,1,3,1979809,1,1,0.9381432717317133
1,2785740,1,1,3,2873645,1,1,0.4519705810680229
1,2668434,2,1,2,2130155,1,1,0.8092616297284843
1,2885435,1,1,1,3320453,2,1,0.2927080412445531
2,1692083,1,1,1,2690825,1,1,0.03577299282738522
2,1622163,1,2,1,3017172,1,1,0.007963212965131916
1,2147871,1,1,2,1728680,1,1,0.8005005749283769
2,2070078,1,1,1,3177254,1,1,0.048029884297122294
1,3192558,2,2,1,2631776,1,1,0.7734793576002573
1,2516543,1,2,1,2618642,1,1,0.43861261502066173
1,2772435,1,1,1,3064216,2,1,0.34874502840034205
1,1619907,3,1,1,1849999,2,2,0.3029508235412046
1,2346976,2,2,1,1712074,2,2,0.8897641218464533
1,1630115,2,2,1,1556839,2,2,0.5708986907469743
1,1187592,2,2,1,1701648,2,2,0.08118339272727892
1,1970406,3,1,1,2019675,2,2,0.4617853763741502
1,2322699,2,2,1,2101567,2,2,0.6512274745742498
1,2161304,2,2,1,2438602,2,2,0.3195645120915853
1,2230971,2,2,1,1598674,2,2,0.9022667048474691
1,2171435,2,2,2,1950556,1,3,0.6615550337018586
1,2695739,3,1,2,1857857,3,1,0.9259142514728592
1,2577678,2,2,1,2161990,3,1,0.7527399701915074
1,2793405,3,1,1,2024648,2,2,0.8944056938987934
1,2521255,3,1,1,2648608,3,1,0.42409794725423167
1,2519853,2,2,1,2776891,2,2,0.35297081566912736
1,2005122,2,2,1,2367614,2,2,0.25929297263699835
1,2923121,2,2,2,2316549,1,3,0.8168547569134681
1,2984059,3,3,2,2247472,3,3,0.8645924389093973
1,2659298,2,2,2,1491092,2,2,0.987693474533389
1,2795774,3,3,1,2848286,2,2,0.4711873862702308
2,3458221,2,3,2,2004577,2,2,0.9829264339179874
1,2503383,3,1,1,2472529,2,2,0.5192113401155101
1,2830571,2,2,1,2451574,3,1,0.7117135664044851
1,2570338,2,2,1,2195338,2,2,0.7299294429103488
2,1977009,2,2,3,1507942,2,2,0.8536208581841933
3,1821829,1,3,4,1837114,2,2,0.4870545439395464
2,2949395,2,3,4,2231613,3,1,0.8606638534129456
3,1798141,1,3,3,1766000,1,3,0.5279281619449062
2,2430688,3,1,4,1198296,2,1,0.9969969074455186
4,1883019,2,2,2,1927425,2,2,0.4639276924416824
3,2373340,2,2,2,2178569,2,2,0.6302948698042621
3,1887846,2,2,2,2028545,1,3,0.39003390505688207
1,2474801,2,2,1,1893830,2,2,0.8506782000686628
1,1897595,1,3,1,2893490,2,2,0.05062739518275128
1,2421195,3,1,1,2726222,2,2,0.32242659159251963
1,2346020,2,2,1,1706605,2,2,0.8917931291716144
1,2512133,2,2,1,2541215,3,1,0.48216855895438593
1,1963505,3,1,1,2372239,3,1,0.23129728023317098
1,2200123,2,2,1,2077268,1,3,0.588312146443255
4,2193691,3,1,2,2329515,3,1,0.4077397842049326
4,2087011,2,2,3,2812926,2,2,0.12312424963166246
4,2488545,3,1,2,2017012,2,3,0.792770248518792
4,1914306,3,1,3,3088487,1,3,0.03157854130382087
4,2424882,2,2,3,2369167,2,2,0.5359733322901616
1,3471435,2,2,2,2804296,3,1,0.7964546480029868
1,2915630,2,2,4,1946830,1,3,0.9416652486943706
1,4157644,2,2,4,2990237,2,2,0.8997860246236986
1,3082114,3,2,4,2707542,2,2,0.6926371095590838
2,2984922,2,2,3,2180262,1,3,0.8888148435530308
1,3191367,1,3,4,2461961,3,1,0.8432745790597889
2,2498263,2,2,3,2924723,2,2,0.27019556336311534
2,1851862,2,2,3,2473189,1,3,0.1305347665501172
1,2885607,2,2,4,3632714,3,1,0.18555442263290634
2,2828569,2,2,3,2337986,2,3,0.7703299838456075
1,2990409,2,2,4,3363801,2,2,0.3238131787171039
2,2723197,2,2,3,3013870,3,3,0.34680331920751395
1,2024184,2,2,4,1960476,2,2,0.5494316517371391
2,2895294,2,2,3,2581201,2,2,0.672226885392146
2,2092261,3,2,3,2679327,2,2,0.16834414077251958
2,2159463,3,1,3,2670117,2,2,0.20481468124649238
1,2008338,1,3,4,1985976,2,2,0.5173467182784603
1,2894915,2,2,4,2222551,2,2,0.8477163386205984
1,2550896,2,2,4,2063004,3,1,0.7952060400035386
2,2568333,3,1,3,2379189,2,2,0.6168271416658339
1,2957177,1,3,4,2022370,2,2,0.930027346411963
2,2170425,2,2,3,2594825,2,2,0.24391443077287667
2,2246709,2,2,3,2764965,3,1,0.21003957826546205
1,3256000,2,2,4,1006013,2,2,0.9999974717091946
2,2637135,2,2,3,1716940,2,2,0.9522482089351016
1,2054487,3,2,4,2034304,1,3,0.5152956930151222
1,2280654,3,1,4,2057323,2,2,0.655542912168309
1,3100208,3,1,4,1386513,2,2,0.9991134272121802
2,2366641,3,2,3,2121577,2,2,0.6644461676639559
1,2124366,1,3,2,2564977,2,2,0.23203982548682633
1,2099318,3,2,2,2616684,2,2,0.1960682550000552
1,2125800,2,2,2,1796082,2,2,0.7436711582622197
4,1722066,2,2,3,1623708,2,2,0.5903555266112587
4,1726802,2,2,3,1817002,3,1,0.42160512591876065
4,1538516,1,3,3,1931572,2,2,0.18840270187137298
4,2156636,3,1,2,2025065,3,1,0.5965875528298816
4,2212960,2,3,3,2217686,3,1,0.49669399789077084
4,1954397,2,2,3,1873416,2,2,0.5652868945147755
4,1933881,2,2,3,1682878,2,2,0.7054166967972946
1,1268083,2,2,3,1549976,2,2,0.21776643600930656
1,1572490,2,2,1,2520882,3,1,0.0333782731300295
3,1301129,2,2,3,1604074,2,2,0.2080824392111701
1,1608205,1,3,4,1472454,3,1,0.634039790314724
2,1665441,2,2,4,1930312,2,2,0.2832113272987943
2,1800273,2,2,4,1789819,2,2,0.5090244837778068
1,1539571,1,3,2,1858664,2,2,0.23218442118642324
1,2076719,2,2,2,1899562,2,2,0.635467602556216
1,1714149,2,2,4,1655124,2,2,0.5541359849638317
2,1555275,2,2,3,1275762,2,2,0.7792207587533101
3,1601766,2,2,3,1465281,3,1,0.6353126327574741
2,1852697,2,2,1,2110769,1,3,0.306223217978556
1,2073723,3,2,2,1462756,3,2,0.9124185401260503
2,1856888,2,2,2,1644362,3,1,0.6815957211424412
2,2298204,2,2,1,2413446,3,1,0.4246302223531252
2,2470243,2,2,2,1943686,2,2,0.824136733866103
1,2692497,3,1,1,1940925,2,2,0.898212418812822
1,1733045,3,1,1,2071779,1,3,0.24399775993998007
1,1849109,2,2,1,1419903,2,2,0.8475472338931387
1,1841974,2,2,1,1479206,2,3,0.8028953130445678
1,1326785,1,3,2,1673731,2,2,0.1834305593039527
1,1956060,2,2,2,1914366,2,2,0.5333507851009336
1,1410897,2,2,2,1642538,2,2,0.2774216947481213
2,1731260,2,2,2,1494129,1,3,0.7164129606053522
2,1701984,2,2,2,1260409,2,2,0.8783460195051052
1,1686069,3,1,1,1994764,3,1,0.2568476954604194
1,1500442,3,1,1,1411469,3,1,0.5938491955995335
1,1291891,2,2,1,977737,2,2,0.8604449851971712
1,1358878,3,1,1,1491402,3,1,0.35886809228091354
2,3102523,2,1,3,2749133,2,2,0.6807365390397769
2,2570144,2,1,3,2325649,2,1,0.651107009799088
2,2905722,1,3,3,2533945,2,1,0.7025722587982386
2,2510372,2,1,3,3437206,2,1,0.1111119939877625
2,2969238,1,2,3,2784742,2,1,0.5983948898152046
2,1991859,1,2,3,2736256,2,1,0.10870727676255343
2,2647102,2,1,3,2882836,2,1,0.37017581149247925
2,3233023,1,2,3,3780281,1,2,0.2717697020301466
2,3088260,1,2,3,3184534,1,2,0.4525392012700792
2,2193447,2,1,3,2624242,2,1,0.24303603118450656
2,2112389,2,2,3,2597268,2,1,0.21107216720297828
1,3238746,2,1,4,2927040,2,3,0.6528756040202262
1,2518668,2,1,4,2226273,2,1,0.684158398511954
2,2632524,2,1,3,1834511,2,1,0.9196864443418092
2,2099851,1,2,3,2994250,1,2,0.08404819661124119
2,3345869,2,1,3,3152607,2,2,0.5913885305705219
1,1985952,1,2,4,1770326,2,1,0.6723711242349797
1,2892186,1,2,4,3108307,1,2,0.38976073582492565
1,3016641,2,2,4,2983643,1,2,0.5170399901308242
1,2791190,2,1,4,1976502,1,2,0.9099931442886386
1,3260984,3,1,4,2793894,2,2,0.7259213407166761
1,2606967,2,1,4,3263618,2,2,0.1914239558237103
4,2433531,1,2,2,2452642,1,2,0.48787920173216837
4,2922213,2,1,2,2873243,1,2,0.5261711156701394
1,3664725,2,2,3,2421824,2,1,0.9462036343451447
4,1866071,2,3,3,3031816,2,2,0.02969617876536268
4,2085892,2,2,3,1983018,2,2,0.5778779701077816
1,2594120,1,2,2,2053123,1,2,0.818203545727728
1,3050912,2,2,2,2055627,1,2,0.9374671866899481
4,2115558,3,1,3,2507665,2,1,0.2544651876114935
4,1369468,1,2,2,2036211,1,2,0.06167300786809926
4,1836083,2,2,2,1882630,1,2,0.46126363689186145
4,2455923,2,1,2,2074404,2,2,0.7440314925850081
4,2369429,1,2,3,2882603,1,2,0.22316540937376328
4,1620939,1,2,3,2253602,1,2,0.1002629441820797
1,2375471,2,1,2,2628453,2,3,0.3471169621801682
1,2742572,2,1,2,2736409,3,1,0.5034863284172844
1,2704534,1,2,2,2819252,2,2,0.43590018111138973
4,2488395,2,1,2,3256333,2,1,0.1480566733107994
4,1816001,2,1,2,2152255,1,2,0.25465727740952937
1,3230451,2,1,3,2113288,1,2,0.9503764287467675
1,2963661,2,1,3,2716212,1,2,0.6325756874775814
4,1868776,2,2,3,2402056,2,2,0.16473453852203224
1,3205148,3,1,3,3626125,2,1,0.3158346741798058
1,2187284,2,1,3,2317180,2,1,0.41133925850828534
3,2406212,2,1,1,1987364,2,1,0.7712288892633468
3,2106771,2,2,2,1967183,2,2,0.6049963945307143
3,1555686,2,1,2,1791393,2,1,0.2918387479954698
1,2355052,2,1,3,1902384,2,1,0.796497996928879
1,2213930,1,2,3,1639332,1,2,0.8784417265293266
1,2628365,1,2,3,2108044,2,1,0.8042605443262537
2,1574398,1,2,2,1863481,2,1,0.2562879551778612
1,1643662,2,1,3,1950020,2,1,0.25337055034737277
1,3238871,1,2,3,2492726,2,2,0.8454619318300732
1,1990095,1,2,3,1776533,1,2,0.6703824337455027
4,1747040,2,1,3,2146531,1,2,0.21187082113248534
4,1421011,1,2,3,1405885,2,1,0.5165796212095184
4,1927150,1,2,2,2688346,1,2,0.09798726242396882
1,2162375,2,1,2,1684715,2,1,0.8338836535298655
1,2117605,2,1,2,1944251,2,1,0.6299706431194846
1,2778537,2,1,2,1772239,2,1,0.9596648116443568
1,1641541,2,1,3,1835942,2,1,0.3318653697960562
2,1906734,2,1,2,2431174,2,1,0.17261587196395456
2,1709843,1,2,2,2455143,1,2,0.0799560123288594
2,1886410,3,3,1,1952860,2,3,0.4465111204140393
3,2105678,3,1,1,2112553,2,1,0.4949485926713052
2,1857854,2,1,3,1574264,2,1,0.7400225880580269
3,1799919,2,1,1,2075594,2,1,0.28993617186754084
1,1921755,2,1,1,1952720,2,1,0.4752446119226095
1,2365434,2,1,1,1791648,1,2,0.8597571365246557
1,1603975,1,1,2,1866168,2,1,0.2782224828919658
1,1993659,2,1,2,1638464,2,1,0.7770290325562907
1,1842153,2,1,2,1949144,2,1,0.4132067381315213
1,2141332,2,1,2,1864472,2,1,0.7046483664828816
1,2187433,1,2,2,1616506,2,1,0.8799884079816576
1,1490325,1,2,1,1740044,1,2,0.2736601821696574
1,1566643,1,2,1,1691196,1,2,0.38316769769741965
1,1630634,2,1,1,1654257,2,1,0.4777219622986416
1,1765313,2,1,1,1165842,1,1,0.9464799763694058
1,1996107,2,1,1,1944413,2,1,0.5405920831228189
1,1551556,2,1,1,1527725,3,1,0.523972937911708
2,2234116,3,1,3,2147652,2,2,0.560929083182785
2,3104611,1,3,3,2675160,2,2,0.7184791529642442
1,3518886,1,4,4,3268662,3,2,0.6127674287907898
2,3226587,3,1,3,2846200,2,2,0.6869697174542745
2,3112056,2,2,3,3823210,2,2,0.21200965153110918
2,3174990,3,1,3,2424190,2,2,0.8526991478339805
1,3463163,2,2,4,2500374,1,3,0.8971293055013001
1,3784170,2,2,4,2549723,3,2,0.9374586785233522
1,3296200,3,1,3,3094331,3,1,0.5969646690653723
1,2617693,2,2,2,2099223,2,2,0.8043943170041064
1,2900635,2,2,2,2794365,3,1,0.5576406848071526
1,3131788,1,3,2,2441466,3,1,0.8332967241347415
1,2436020,1,3,3,2608595,2,2,0.3951646610266988
1,3084353,2,2,3,3118310,2,2,0.48303687718950783
1,2524887,3,1,3,2244129,3,1,0.6764902818692455
1,3423098,3,1,2,2129719,2,2,0.967367483703464
4,2717155,1,3,2,3775130,2,3,0.10072461466578786
4,1357052,2,2,2,3102236,2,2,0.0006595713501902356
4,2450086,2,2,2,2027332,1,3,0.7690568212466249
4,2630940,2,2,2,2634723,3,2,0.49777329662551606
1,2234283,1,3,1,1956008,1,3,0.6973182049789111
2,1630088,3,2,2,2027073,2,2,0.19858867244992395
2,1753734,2,2,3,1453778,1,3,0.7668984426628154
2,1604771,2,2,4,1552989,2,2,0.5506927827109799
1,2990453,3,1,2,2054486,3,1,0.9276153550303469
1,2887630,2,2,2,2808501,3,1,0.5429756393007609
1,3206548,2,2,1,2616679,2,2,0.7851447729905212
1,1999543,3,1,1,2014686,2,2,0.48830955786595387
1,2501390,3,1,1,1846793,2,2,0.880712905972397
1,1788302,3,1,1,2234599,3,1,0.19339313223696863
1,2499989,1,3,1,2405896,3,1,0.5592337623505019
1,2198084,3,1,1,2608814,3,1,0.25287764404230484
1,2675045,3,1,1,2714802,3,1,0.47714987160234457
1,1658203,2,2,1,1729663,1,3,0.434905905756103
1,2011537,2,2,1,2048453,2,2,0.4718407032812406
1,1550996,2,2,1,2089931,1,3,0.12332896452363906
1,2017667,2,2,1,2230946,2,2,0.34814447716669883
1,2971643,2,1,4,3204429,3,1,0.38477296781924486
2,2549336,1,2,3,3192554,2,1,0.1910647772430012
1,2638454,2,1,4,2257980,1,2,0.7273814783601209
1,2886105,2,1,4,2699195,2,1,0.6026018489868252
2,2491574,2,1,3,2191984,1,2,0.6906313866610109
2,3027228,2,1,3,2843327,1,2,0.5961734324074079
1,3161741,2,1,4,3596456,3,1,0.3083854784637772
1,2902620,2,1,4,2912486,3,2,0.49474161253997917
2,3345953,2,2,3,3271020,1,2,0.535055289236455
2,3635715,2,2,3,2518850,1,2,0.9230144993972622
2,3046424,2,2,3,2149456,1,2,0.9122517948730362
2,3107508,2,1,3,3406846,2,1,0.3604537434009938
1,3854462,2,1,4,1828382,1,3,0.9981168559005088
2,3101063,2,1,3,2949284,2,1,0.5772787700362575
1,2412992,2,1,4,2906998,2,1,0.23468278329469894
2,3165276,1,2,3,3184673,2,1,0.4905331350584591
2,3153606,1,2,3,3113402,2,1,0.5198754268103054
1,2780005,2,1,4,2817552,3,1,0.4792189277019693
1,3565311,2,1,4,3337353,3,1,0.6012814438925806
2,2755841,2,1,3,2708879,1,2,0.5266163229500627
2,2997302,1,2,3,2729229,2,1,0.6420549789464578
2,3576611,2,1,3,2946515,2,1,0.7742142995401349
4,1425400,1,2,2,1525983,2,1,0.39555347421091114
4,1905672,1,2,2,2110381,2,1,0.34592127091026037
4,1180958,2,1,3,1250319,1,3,0.4122728654308162
4,2023735,2,1,3,2325650,2,2,0.29454136131695474
4,2124785,3,1,2,2664207,1,2,0.18974797846857272
4,2413725,2,1,2,2493799,2,1,0.4495586386608891
1,2786776,2,1,3,2686790,2,1,0.5564341771754497
4,3034905,3,1,3,2748404,2,1,0.6499521979643779
1,2750680,3,1,2,2144395,2,1,0.8332824385945394
1,2677881,2,1,2,1992811,1,2,0.874475793049913
1,2317250,2,1,2,2104177,1,2,0.6460549974068326
1,2796482,2,1,3,1763494,1,2,0.9633559659027867
1,2020207,2,1,2,2434849,2,1,0.23416862600780797
1,2849550,2,1,2,2088561,1,2,0.8862600084609367
4,3198864,2,2,3,2847689,2,1,0.6742671313085624
4,2621286,3,1,3,2936951,2,1,0.3293528803998609
4,2296772,3,1,3,2318381,1,2,0.48549100821538227
3,3361832,3,1,4,2251958,1,2,0.9402037831974711
2,2138637,2,1,2,2945404,2,1,0.1068680441637081
2,2300586,2,2,2,1951573,2,1,0.738627103508326
1,3232215,1,2,3,2737605,1,3,0.7405892669916272
2,2696405,2,1,2,2832787,2,1,0.4240002598721424
2,2662894,1,2,2,2005602,2,1,0.8645846726194973
1,2656678,2,1,3,2450380,2,1,0.6232400751315682
1,2530329,2,1,3,2865374,2,1,0.3145327498046262
3,3288377,4,1,3,3198549,2,1,0.5428395195945666
3,2687593,3,1,3,2248367,1,2,0.7558976111335842
2,2301281,2,2,2,2109443,2,1,0.63236337713881
2,3562531,2,3,1,3133587,1,2,0.6908850905542461
1,2682493,2,1,2,3239938,1,2,0.2316470609528375
3,2897091,1,2,1,2837196,1,2,0.5323393831711539
1,3051079,2,1,1,2479281,1,2,0.7899214576613283
2,2488817,2,1,2,3074736,1,2,0.20575488779669893
2,2164991,1,2,2,2460153,2,3,0.3097798167102379
2,2154537,2,1,2,1762760,1,2,0.7821900563857699
3,2445623,1,2,2,3005041,2,2,0.21180196376435112
1,1577397,1,3,3,2683274,2,1,0.019522380235289183
1,2614695,3,1,3,2654879,2,1,0.4763781810793578
1,2636492,3,1,3,2221896,2,1,0.746847467752897
2,2369070,2,1,2,2952483,1,2,0.19622550114799586
1,2797538,3,1,1,3153305,1,2,0.320956667427594
1,2518240,3,1,1,3029786,1,2,0.23626230244584723
1,2321760,2,2,1,2587302,1,3,0.33700210998686453
1,2246358,3,1,3,2227104,1,2,0.5133376782076721
1,1909145,3,1,1,2704412,1,2,0.08807342041643063
1,1869578,2,1,1,2158484,1,2,0.2883591084043502
1,2660769,2,1,2,2124929,2,1,0.8088172589082822
1,2091875,2,1,2,1898102,2,1,0.6471373682077205
1,2914430,2,1,1,2280693,1,2,0.8295714201660305
1,3155713,2,1,1,3131519,1,2,0.5119252339857312
1,2320276,1,2,3,1306070,2,1,0.9872028147408632
1,2541181,1,2,3,2856209,1,2,0.32492396847055116
1,1308495,2,1,1,1789467,2,1,0.11198834019097048
1,3023600,2,1,4,2155778,2,1,0.905598960556787
1,2895702,1,2,4,2523257,2,1,0.7036107435999538
2,2097593,2,1,3,2762552,2,1,0.14238439636027023
2,1629293,3,1,3,1773662,2,2,0.37077581620488287
1,2355309,1,2,4,1947986,2,2,0.7696161469783978
2,1945966,2,2,3,2411851,3,1,0.2022066607493187
2,2283720,1,3,3,1840607,2,2,0.7989673294749411
1,2560665,1,2,4,2799661,2,1,0.3644368975183627
1,2156369,1,2,4,2179504,2,2,0.48346691234203654
2,3036198,2,1,3,2694106,2,1,0.6788044604250029
1,2434041,1,3,4,1965059,1,2,0.7971299296199396
2,2532985,1,2,3,2178102,2,2,0.7211806656348697
2,2564370,1,2,3,2413546,2,1,0.5930762221067223
1,2400505,2,2,4,2935030,1,2,0.2174173770187049
2,3203764,2,1,3,2081509,2,2,0.9530475032835937
1,3107695,2,1,4,2269253,2,2,0.8890369976164416
2,2008477,2,1,3,1373570,3,1,0.9300265785913526
2,2635246,2,1,3,1804929,2,2,0.9292367416601232
2,2631759,2,1,3,2158206,2,2,0.779527658977792
1,2607753,4,1,4,2260316,2,1,0.7106998160735527
1,2464471,2,1,4,2204937,2,1,0.6672260926646922
2,3012604,3,1,3,2843241,2,1,0.5889174664897963
4,1459840,3,1,2,1717773,3,1,0.263685545037214
4,2171081,3,1,3,1318803,2,1,0.9735938813864713
4,1810118,2,1,3,1940541,2,1,0.3934774436348344
4,1409886,1,2,3,1967485,2,1,0.09774345447213606
4,1621100,1,2,3,1713548,2,1,0.41471143059527893
4,1605028,1,2,3,1664280,2,1,0.4440058669859559
4,976727,2,2,3,1059573,2,2,0.37590354922474933
4,1486897,1,2,3,1701107,3,1,0.30055195373149446
1,2303566,2,1,3,1038694,1,2,0.999012695912219
1,1388486,1,3,3,1815796,2,2,0.1486444720546064
1,1434393,1,2,2,1521762,1,2,0.4091692559655642
1,1785371,1,2,2,2461367,2,1,0.10614484163378446
1,1507757,1,2,2,2476296,2,2,0.02697200873825034
1,2135164,1,2,2,2064862,2,1,0.5517385928225055
1,2389962,2,1,2,2047229,2,1,0.7261770143755728
1,2700018,3,1,3,1683749,2,1,0.9667045202353761
1,3161161,2,1,2,2303976,2,2,0.8904071636101474
1,2562535,2,1,2,2127155,2,1,0.7652672749397651
1,2694182,1,2,3,2135507,2,1,0.8166663785481452
2,3169231,1,2,3,1717974,2,1,0.9913126425049769
2,3146104,1,2,3,2528008,2,2,0.8022487934140438
1,2712798,1,2,4,2169038,1,3,0.8075661720893764
1,2304991,1,2,4,2289415,1,2,0.5105065295590043
2,1300701,2,1,3,1820717,2,1,0.09569457979997786
2,2699070,2,1,3,2548568,3,1,0.5881850739088407
2,3050415,1,2,3,2268928,1,2,0.8748687933404027
2,2338352,2,1,3,2483571,2,1,0.407473691893832
2,2712540,2,1,2,1954525,1,2,0.8985117586358005
2,2566558,2,1,2,2164401,2,2,0.7460187894520844
3,1786582,2,1,2,1085000,2,1,0.9736469846544548
3,1524255,2,1,2,1903302,2,1,0.19415139696955408
3,2328250,2,1,2,2022391,3,1,0.7078404500933123
1,2136775,1,2,1,3348617,2,1,0.04048068159501883
1,1300251,1,2,1,2888916,2,1,0.0009639081400936167
1,2776361,1,2,2,2442452,1,2,0.6906739069827372
3,2009954,2,1,3,2435714,2,1,0.2277334254576956
3,2897909,2,1,3,3254424,3,1,0.326099734265775
3,2080726,3,1,2,3303066,2,1,0.03631206283035493
3,2051680,2,1,2,2011343,2,1,0.5307410985340136
3,1835960,1,2,3,2411255,1,2,0.1448337613311219
3,2561879,1,2,3,2015533,2,1,0.8242642131541351
1,2298668,2,1,2,2127695,2,1,0.6180027622090059
1,2817384,1,2,2,3092753,3,2,0.358584208205862
1,2610402,3,1,1,2546880,2,1,0.5381192241744059
1,1879431,3,1,1,2457051,2,1,0.14893022696515157
1,2575983,2,2,1,2337899,3,1,0.6468085696875969
3,1742425,2,2,3,2365427,2,1,0.11752834901213971
3,1853801,1,2,3,1362880,2,1,0.8839636369190242
2,2065815,2,2,2,2513664,2,1,0.22296609747119067
2,2187572,2,1,2,1900548,2,1,0.7075916175092583
1,2171138,2,1,1,2779584,2,1,0.16860853133657228
1,2380810,2,1,1,2559074,2,1,0.38955343850129176
1,2317971,2,1,1,1975088,2,1,0.7329753635876821
1,1796931,3,1,1,1948516,2,3,0.3765320449607924
2,2349206,2,2,3,1584857,2,2,0.9368548125370849
1,2250372,2,3,1,3400664,2,1,0.05437509755090586
1,2200269,2,1,1,2227037,2,1,0.48126717594967006
3,2841821,2,1,1,2232980,2,1,0.8255171152287165
3,1453448,1,2,1,2341247,2,1,0.03201707667238729
3,1027210,1,2,1,2411198,2,1,0.00045886813639939295
3,2082348,2,1,1,2580459,2,1,0.20238712084179644
1,1823190,2,1,2,2114699,2,2,0.28224823404168253
1,1960471,2,1,2,1339865,2,1,0.9303660926293329
1,1808890,2,2,1,2386325,2,1,0.14092308429581335
1,1439497,2,1,1,1066683,1,2,0.8778601133936732
1,1448123,1,2,1,2043017,2,1,0.09062667534088242
1,1261747,1,2,1,1618498,2,1,0.16670727401927032
1,1251436,1,2,1,1683859,2,1,0.12447117796713181
1,1787000,1,2,1,1790826,2,1,0.4966856208618077
1,1679647,1,2,1,2007231,2,1,0.244430736145408
1,1507813,2,1,1,1727099,1,2,0.2989385075512515
1,1957594,2,1,1,1571198,1,2,0.803482743708656
2,2091866,2,2,3,2834275,2,2,0.11902905109456752
2,3078482,2,2,3,2954239,2,2,0.5635698127953684
1,3422938,2,2,4,1837522,2,2,0.9921649246534062
1,2997946,1,4,4,3430789,1,3,0.30018024584962455
2,2028909,1,3,3,2825595,1,3,0.09910902174872371
4,2410672,2,2,3,2283204,2,2,0.583568704991122
4,2816036,1,3,2,2694943,3,1,0.5677852950851585
4,1787747,3,1,3,1680504,2,2,0.594954227039328
1,2916444,2,2,2,1853026,2,2,0.9609501898100588
1,2087399,3,1,3,2719399,2,2,0.15210808083267136
1,3002019,1,3,3,1818598,1,3,0.97423342344658
1,2422996,1,3,2,2004821,2,2,0.7691130068163121
1,2513035,3,1,2,2079612,3,1,0.7689472901955214
3,2166306,1,3,3,2347338,2,2,0.37760821874733197
1,2676788,2,2,4,3037796,2,2,0.31155298275611887
1,1990115,2,2,3,1405099,1,3,0.9118369407244374
3,1901886,2,2,3,1149716,2,2,0.9747212634848252
1,2505123,2,2,2,2130278,2,2,0.735531440869475
1,2906230,3,2,1,2160920,2,2,0.8751506367079352
1,1770430,2,2,1,2259360,3,1,0.171747025181199
1,2419826,3,1,1,1978948,1,3,0.7826873706490334
1,2316114,1,3,2,2355246,2,3,0.47405380848664413
1,2182428,2,2,2,2004155,2,3,0.6296869032071506
1,1334891,1,3,1,1151799,1,3,0.7167004112651173
1,1549709,1,3,1,1416492,2,3,0.6365148125184534
1,1727825,1,3,1,1325417,2,2,0.8484800315684691
1,1464906,2,2,1,1822684,2,2,0.19798260862049344
1,1788434,2,2,2,2247259,2,2,0.18750739570126207
1,2739846,3,1,2,1964881,2,2,0.9017344611635534
1,3000682,2,2,1,1818447,3,1,0.974148915450006
1,2729857,2,2,1,2167114,3,1,0.8150766720647917
1,2296707,3,1,1,1748232,3,1,0.8554239838843201
1,2206617,2,2,1,2078135,1,3,0.5921322324832613
1,2178134,2,2,1,2394415,1,3,0.3565289701941785
1,2769693,2,2,1,2226134,1,3,0.8019643921161641
1,1496527,2,2,1,1339504,1,3,0.6666181597587051
1,2225517,3,1,1,2189852,2,2,0.52501963364737
1,2743116,2,2,1,2065615,3,1,0.8647513249838255
1,1927347,2,2,1,2421122,2,2,0.18780475131475138
1,1851274,2,2,1,2079091,1,4,0.32605651733627095
1,2531722,1,1,1,2410755,1,1,0.575418592524634
1,2501585,1,1,2,2410099,1,2,0.5575362758696071
3,2789560,2,1,1,3422192,1,1,0.21359980216624297
1,3707834,2,1,2,1969236,1,2,0.993017349302656
1,3621571,2,1,3,2732206,3,1,0.8631675987304153
1,3027099,1,1,3,1824338,3,1,0.9754135814984385
2,2285300,1,2,3,3013006,2,1,0.14144498416494244
2,2193876,1,1,4,1940012,1,1,0.683570167860798
2,2640525,1,1,3,1997281,2,1,0.860935649275353
2,2952380,2,1,1,3400643,1,1,0.29147079625199057
2,3045303,1,1,1,3855509,2,1,0.17973470232068822
3,3269976,2,1,1,3407456,3,1,0.4364488591829383
1,3306753,1,1,3,1764955,2,1,0.9926336645728943
1,2562748,2,1,3,2305648,2,1,0.6593422596848747
2,2730117,1,1,3,2399749,3,2,0.6918253664111309
3,3315451,2,1,4,1693445,1,1,0.9954696495893813
3,2308477,1,1,3,1494846,1,1,0.9543030835879084
3,3379310,3,1,3,3256080,2,1,0.5573688408484353
1,3360296,3,2,4,885897,2,1,0.9999998883557399
2,2939430,1,1,3,2293670,1,1,0.8323798533175631
2,3605897,1,1,3,3088440,1,1,0.7263246482950136
2,3273933,2,1,1,2649671,2,1,0.7944054465094657
3,1689673,1,2,1,3561086,2,2,0.0018894373924726038
3,1644572,2,2,1,2910722,3,2,0.013285135053390684
2,2949414,1,1,3,2659299,1,1,0.6562397154969128
4,1395206,1,1,2,2742031,1,1,0.004337214254228838
3,2722037,1,1,3,1544495,1,1,0.9861430590588537
2,2018041,1,1,1,2890482,1,1,0.08140167806675302
1,2921286,3,1,3,1713446,1,1,0.9808895238935907
2,2631534,2,1,3,2293310,1,1,0.7034679668507489
3,2497430,2,1,4,1251447,1,2,0.9963634973657157
3,2615301,2,1,3,1914966,1,1,0.8870015655729029
2,2574481,1,1,2,2795731,2,2,0.37438387318655697
2,2989519,2,1,1,3327825,3,1,0.33854066006911976
1,3402802,3,1,2,2132051,2,2,0.9653214553674582
2,3154849,2,1,4,1839467,1,1,0.9819402795048737
2,3569524,2,1,4,2326485,2,1,0.9518313303532009
4,1364201,1,2,2,2736941,2,1,0.0034182401266751317
1,2664400,1,1,2,3301782,2,1,0.2023737100432046
1,3328724,1,1,1,2951624,2,1,0.6797692517762862
1,2365120,1,1,1,2895236,1,1,0.21604976242673346
3,2244593,1,1,1,2764051,1,1,0.2093553999705775
3,2772055,1,1,1,3285892,1,1,0.25444550600720506
1,3601277,1,1,2,3849716,2,1,0.3977628322445871
1,1968398,1,1,3,1744095,1,1,0.6808116929919155
1,2807174,1,1,3,2567466,1,1,0.6356032559735733
2,2890535,2,1,3,2962621,1,1,0.46188449113162433
2,2720424,1,1,3,2529182,1,1,0.6114699310195257
1,3122666,3,2,4,2217761,2,1,0.9081175386480527
2,2356924,3,1,3,1882962,1,1,0.8084302855817009
4,2763210,1,2,1,2765217,2,2,0.49887480834205145
1,2828165,2,2,3,1608262,1,2,0.9858365790464322
2,2378639,2,1,4,2728323,1,2,0.2970859230293532
2,2109365,1,1,4,2570924,1,1,0.22104478067355582
4,2861578,1,2,4,2381716,2,1,0.7620825873325303
4,3053952,2,1,2,2444995,3,1,0.8061783947817039
4,1957488,2,1,2,1345417,2,1,0.9273789635501565
1,3503702,1,1,4,2067194,1,1,0.9797982415778629
2,2982110,1,1,2,2879598,2,1,0.5540432217307825
2,2504963,1,1,1,2779680,1,1,0.343020359142318
2,2832988,1,1,1,3239551,1,1,0.3012079614983918
3,2944394,1,1,1,3225341,1,1,0.36166141593633483
1,2795601,1,1,2,3017661,2,1,0.38326547509002207
1,2913153,1,1,2,2581538,2,1,0.6806263274944172
2,2849953,1,1,3,2321625,1,1,0.7871205813966385
2,2024041,2,1,4,1613390,1,1,0.8108019932774349
2,2327281,1,1,3,2824065,1,1,0.2261546121014517
2,3149925,2,2,3,2353870,1,1,0.8711071073012034
1,3238562,2,1,2,2666279,2,1,0.7749757768975206
1,2686646,1,1,2,3278197,1,1,0.2197534007505132
1,3608060,3,2,3,2451927,2,1,0.93326889099491
1,2712656,3,1,4,2623370,1,2,0.5517207910255215
1,2410947,3,1,2,2365297,1,1,0.5295971428811531
1,2670681,1,1,2,2724110,1,1,0.4693331265729398
1,2785647,3,1,2,2777847,1,1,0.5043453017751753
1,3532867,1,2,1,2564803,1,2,0.893239779609639
1,3303624,1,2,1,2860818,1,1,0.7119313347455403
1,2309976,1,1,1,2404217,1,1,0.4382797019747139
1,2742812,2,2,2,2601492,2,1,0.5814042802607517
2,3047844,1,1,1,2942008,1,1,0.5545985661578487
2,2077896,1,1,2,3362357,1,1,0.030770867748915354
1,2634429,1,1,1,3094259,1,1,0.2660003379853737
2,3251120,1,1,1,2915992,2,1,0.6637059470015365
1,2332538,2,1,1,2919572,1,2,0.1916027981745343
1,2525577,1,1,1,3021225,1,1,0.2431880251126235
1,3300410,2,1,3,1700640,2,1,0.994997014810352
1,2573329,2,1,1,2081185,2,2,0.7951855795291887
2,1949178,2,1,1,1966377,1,1,0.48638838552694064
2,2611374,2,1,1,2116752,1,1,0.7926732477875386
1,3022259,2,1,1,2802195,1,1,0.6154981084945413
1,2722095,1,1,1,2513717,1,1,0.6214773226655641
2,2756450,1,1,1,3437853,1,1,0.19541537425976752
2,2758787,1,1,1,3408905,2,1,0.20554646109775554
2,1773991,1,1,1,2593836,2,1,0.07000339905386521
1,1799613,1,1,1,2952076,2,1,0.02726454052453342
1,1885071,2,1,1,2028932,2,1,0.3875593518921877
1,1156200,1,1,1,1594111,2,1,0.10608306175127147
1,2128237,1,1,1,2148871,2,1,0.4850508612591645
1,2343003,2,1,1,2412361,1,1,0.4548875796288624
1,1572713,3,1,1,1851443,1,1,0.26310037287450694
1,2004325,2,1,1,2195253,2,1,0.36187351735570084
1,2512171,2,1,1,2568578,2,1,0.4656310633184021
1,2507970,2,1,1,1859731,2,1,0.8773099824167316
2,3069397,2,1,1,2979261,3,1,0.546087506160055
2,1612855,1,2,1,1850698,2,1,0.29655056372831967
2,1382749,2,2,1,1408186,2,1,0.4717741749904899
1,1115611,2,2,1,1755925,2,2,0.03903390537344609
1,1782282,2,1,1,1877350,2,1,0.42001025358987676
1,2843703,3,1,1,2645932,2,2,0.6102662694238256
1,1976466,2,1,1,2219132,2,1,0.3264079872667497
1,1899901,2,1,2,1726167,2,1,0.645248139270847
1,2154219,2,1,1,2372363,3,1,0.3539427792615477
2,3348506,1,2,2,2569188,1,2,0.8482867493748179
1,3293052,2,1,1,1999111,1,1,0.973738889713902
1,2822046,2,1,1,2545113,2,1,0.6558725309075795
2,2321384,1,2,2,2619092,2,1,0.3196326114203367
2,2174579,1,2,2,2822790,2,1,0.1554240623734211
1,2568654,2,1,1,2494559,2,1,0.5452626551274846
1,2528412,2,1,1,2222343,2,1,0.6918924458540416
1,2787431,2,2,2,1872008,2,1,0.9390050555173323
2,3119680,2,2,1,3195377,2,1,0.4628998191345751
2,2578560,2,2,1,3317663,2,2,0.16378446571885674
4,1793216,3,1,4,1173283,1,2,0.9503079460249563
1,2935378,1,2,4,1972612,1,2,0.9387087011867239
2,2610691,2,2,2,3175608,2,2,0.22335161302774698
2,2763054,2,1,2,2149744,2,2,0.8352138811149356
2,2237767,1,2,2,2570441,2,1,0.29515208596484843
2,2017375,1,3,4,1619507,3,2,0.8032648734617933
2,2734080,1,2,3,1759870,2,2,0.9564926686464829
2,3227953,2,1,1,2658526,2,1,0.7745454128833436
2,2908488,1,2,1,2739379,1,2,0.5920000930888065
3,1967429,2,2,4,1454085,2,3,0.8799022012060428
2,3320959,1,2,2,3324409,2,1,0.4983909105478628
2,3146500,1,2,2,2377081,1,2,0.8619885040507524
3,2625017,2,3,2,3004443,1,2,0.29998850685650935
3,2316280,1,2,1,3421184,2,2,0.06487729233243411
3,2495419,1,2,1,2570316,2,2,0.45427217593343794
3,2158514,3,3,4,2191534,1,2,0.47648630160134653
3,1789773,3,2,4,1962212,1,2,0.36042787230076523
1,2757990,2,2,3,2330992,3,3,0.7432552920129785
4,1487162,1,2,1,3173320,2,2,0.0016192790208712227
3,2485543,2,2,3,2218582,2,1,0.6705289811683355
3,3272339,1,2,3,1969715,2,1,0.9756873513469977
4,1175742,3,1,3,2956281,1,2,0.0001706920689530378
3,2527290,1,3,1,2652249,2,2,0.4256460486272272
3,2509905,2,1,4,1190345,3,1,0.998121553989907
1,2687228,2,2,3,1546170,2,1,0.9841076148323937
2,2031180,2,1,3,2719428,1,2,0.1284956511603479
4,1413338,2,2,1,2782543,2,2,0.004251196779473609
1,2219756,2,1,4,1790149,1,2,0.7982991887943345
1,1987658,1,2,1,2070317,1,2,0.4371200914761987
3,2483328,2,1,1,2472340,1,2,0.5068719018477157
3,2292902,1,2,1,2978777,1,2,0.15467979905837637
1,2955184,2,1,3,2813916,2,1,0.5754552428706197
1,2912220,2,1,4,1979962,1,3,0.9330383779596176
3,2251043,2,2,3,2558181,3,2,0.3096490520499966
4,1921698,1,3,3,2300436,2,2,0.2423414689866361
3,3290664,2,2,1,3959068,1,2,0.23627723163663195
2,1721930,1,3,3,2391586,2,3,0.10095676277822863
2,2642547,2,2,3,2789305,2,3,0.4168505401867326
1,1890036,2,1,4,1343163,1,2,0.9077194879408976
2,2344059,1,2,3,2719648,1,2,0.28186289299557443
2,1193707,1,2,3,2314809,2,1,0.0050469052968727945
2,1923559,2,1,3,1255107,3,1,0.9513952273467661
2,2376607,2,1,3,2048660,1,2,0.7179658898526818
1,1771495,2,2,4,1678265,1,3,0.5831707813995425
2,2735658,2,1,3,1354063,2,2,0.9968511110330589
4,1313585,2,1,2,1903437,2,1,0.0748226142741878
4,1966172,2,2,3,1240388,2,2,0.9632308581964276
4,2001648,2,1,3,1371654,1,2,0.9289724738467688
4,1166962,1,2,3,2352252,1,2,0.003235056600218278
1,2007233,2,1,3,1961489,2,1,0.5356782709093841
1,2139943,2,1,3,2680785,2,1,0.19070304596889276
1,2461927,2,1,3,1788189,2,1,0.8928911834876805
1,2734330,2,1,2,2618365,2,1,0.5668430528924829
1,1860969,2,1,2,2440147,2,1,0.14627075323522476
1,1228287,1,1,2,2384266,2,1,0.004990144136879593
1,2778067,2,1,2,2610139,2,1,0.5956910015264567
1,2190306,2,1,2,1904447,2,1,0.7065222961820299
1,2166906,2,1,2,2320688,2,1,0.3949894315244141
1,2119912,2,1,2,1805289,2,1,0.7337087877349046
1,2248703,2,2,2,1885397,2,2,0.7531757833349223
1,1947710,2,1,3,1344997,2,1,0.9248262296665034
2,1508792,2,1,3,1602176,1,2,0.4077717611813789
1,2184685,2,2,4,1338536,2,2,0.9714813221978633
2,2697264,1,2,2,1693066,1,2,0.9647764168172497
1,2109692,2,1,3,1582990,2,2,0.8677347694782983
3,1485112,1,2,1,1790240,2,1,0.23396049607107372
2,1761930,1,2,2,2248745,2,1,0.17164478347815781
1,2623572,2,1,1,2741681,2,1,0.4320905099834794
2,2007820,2,1,1,1834272,2,1,0.6372699802419548
2,1959490,2,1,1,2741567,1,3,0.09601287548728354
1,1215700,1,2,2,1304486,2,1,0.39211203313724896
2,2018275,2,1,3,815177,1,2,0.9997856140108208
1,1378984,1,2,1,2141633,2,1,0.0436269412110164
1,1283038,1,2,2,1821204,2,1,0.08681505958617464
1,1574374,2,1,2,1681652,2,1,0.3989500945436606
1,1543993,2,1,2,1372753,2,1,0.6760364402152115
2,2159129,2,1,1,1281732,2,2,0.9786056361252855
1,2342250,1,2,1,1767051,2,1,0.8631687754282529
1,1129612,2,1,1,983380,2,1,0.7048946825151758
1,1904917,1,2,1,841439,1,2,0.9992482120028834
1,2499455,2,1,1,2342578,1,2,0.5994019549543776
2,1806335,2,2,1,1306288,2,1,0.8959892564443513
